Workbook

Sheet 사용법
B1: 왕징양다리양꼬치 매출원가계산서 — 사용법
B2: 한 파일로 1년(1~12월)을 관리합니다. 매일 매출·매입을 쌓고, 매월 말 재고만 세면 원가율이 자동 계산됩니다.
B4: ■ 시트 구성
B5: 월손익요약 | C5: 사장님이 주신 양식(①~⑩) 그대로 계획 vs 실적, 영업이익, 핵심 비율(FL·임대·인건비), 손익분기 매출과 매출 시나리오.
B6: 월손익상세 | C6: ①~⑩ 각 비용의 세부 항목(만원). 계획은 예산, 실적은 그 달 실제 지출 입력. 매출·식재료·의제매입은 자동 연결.
B7: 기본설정 | C7: 상호·연도·조회월·조회지점, 목표 원가율, 분류표, 의제매입 공제율. 매월 [조회월]만 바꾸면 계산서가 그 달로 바뀝니다.
B8: 식자재단가 | C8: 품목 마스터. 거래명세서 단가가 바뀌면 [구매가격]만 수정 → 레시피·메뉴원가·재고금액이 모두 자동 갱신됩니다.
B9: 레시피 | C9: 메뉴 1인분에 들어가는 재료와 사용량(g·ml·개). 품목은 드롭다운으로 선택하세요.
B10: 메뉴원가표 | C10: 메뉴별 1인분 원가·원가율·공헌이익, 월 판매수량 입력 시 이론원가와 메뉴분석(스타/정리검토)까지 표시.
B11: 매출일보 | C11: 매일 마감 후 1줄(지점별). 카드·현금·이체·배달 매출, 그중 주류·음료 매출, 객수 입력.
B12: 매입장 | C12: 거래명세서·영수증 받을 때마다 1줄. 품목을 고르면 분류·단위·과세구분이 자동으로 채워집니다.
B13: 재고실사 | C13: 매월 말일 영업 종료 후 남은 수량을 해당 월 칸에 입력(구매단위 기준: kg, 박스, 병 등).
B14: 매출원가계산서 | C14: 조회월·조회지점의 매출 → 매출원가(분류별) → 원가율 판정 → 매출총이익 → 이론 vs 실제 → 의제매입 참고.
B15: 연간요약 | C15: 1~12월 원가율 추이를 한 표로. 재고실사를 안 한 달은 '미입력'으로 표시됩니다.
B17: ■ 셀 색상 규칙
B18: 노란 바탕 + 파란 글씨 | C18: 직접 입력하는 칸입니다. 여기만 입력하세요.
B19: 흰 바탕 + 검은 글씨 | C19: 자동 계산(수식) 칸입니다. 지우거나 덮어쓰지 마세요.
B20: 초록 글씨 | C20: 다른 시트에서 자동으로 불러온 값입니다.
B22: ■ 운영 루틴
B23: 매일 (3분) | C23: ① 매출일보에 POS 마감 금액 입력 ② 들어온 거래명세서를 매입장에 입력
B24: 매주 (10분) | C24: 식자재단가 시트에서 단가가 오른 품목 확인(변동률 10% 이상은 빨간색). 양고기·주류 단가는 특히 자주 확인.
B25: 매월 말일 (30분) | C25: ① 재고실사 해당 월 칸 입력 ② 기본설정 조회월 변경 ③ 메뉴원가표에 POS 메뉴별 판매수량 입력 ④ 매출원가계산서 확인
B27: ■ 계산 원리
B28: 매출원가 | C28: 기초재고 + 당월매입 − 기말재고 (전월 말 재고 = 이번 달 기초재고, 자동 연결)
B29: 원가율 | C29: 매출원가 ÷ 매출(공급가액, VAT 제외). 식재료는 음식매출과, 주류·음료는 주류매출과 비교합니다.
B30: 이론원가 vs 실제원가 | C30: 이론원가 = 레시피 원가 × 판매수량. 실제원가가 이론보다 5% 이상 크면 로스·과다투입·서비스·도난·매입 오기를 점검하세요.
B31: 금액 기준 | C31: 모든 원가는 공급가액(부가세 제외)으로 계산합니다. 매출도 ÷1.1 해서 공급가액으로 비교합니다.
B33: ■ 왕징 맞춤 관리 포인트
B34: 양고기 | C34: 원가의 가장 큰 비중. 양다리는 해동 손실(수율 95%)을 반영했고, 수율은 실제로 무게를 달아 고치면 더 정확해집니다.
B35: 완제품 꼬치 | C35: 양꼬치는 '박스(100개)' 단위로 매입하고 레시피는 '개' 단위로 사용합니다. 1인분 꼬치 개수가 다르면 레시피에서 수정.
B36: 주류 | C36: 주류는 원가율이 낮은 효자 상품입니다. 음식과 분리해서 보는 이유입니다. 하이볼은 위스키 45ml(연태 30ml) 기준.
B37: 숯·소모품 | C37: 숯은 메뉴별로 나누기 어려워 '소모품' 원가로 따로 집계하고, 계산서에서 포함/제외 원가율을 둘 다 보여줍니다.
B38: 의제매입세액 | C38: 양고기·채소·두부·계란 등 면세 농축수산물 매입은 부가세 신고 때 공제받을 수 있습니다(계산서 6번 참고).
B40: ■ 미리 넣어둔 값에 대해
B41: 단가·레시피 | C41: 식자재 단가와 레시피 사용량은 2026년 도매 시세 기준 '예시 추정치'입니다. 반드시 실제 거래명세서와 주방 계량값으로 바꿔주세요.
B42: 메뉴·판매가 | C42: 홈페이지 메뉴판(44개 메뉴) 가격을 그대로 넣었습니다.
B43: 예시 행 | C43: 매출일보·매입장의 '예시(삭제)' 행은 입력 형식 참고용입니다. 확인 후 행을 지우고 사용하세요.
B44: 지점 | C44: 판교점·모란점이 기본입니다. 기본설정 지점목록에서 이름을 바꾸거나 추가할 수 있습니다.

Sheet 기본설정
B1: 기본설정
B2: 노란 칸만 수정하세요. 매월 [조회월]을 바꾸면 매출원가계산서가 해당 월로 바뀝니다.
B3: 상호 | C3: 왕징양다리양꼬치 | E3: 지점목록 | G3: 분류 | H3: 원가그룹 | I3: 포함 품목 예시 | K3: 사업자 유형 | L3: 공제율 | N3: 과세구분 | O3: 결제방법 | P3: 증빙 | Q3: 원가그룹
B4: 연도 | C4: 2026 | E4: 전체 | G4: 양고기 | H4: 식재료 | I4: 양다리·양갈비·양꼬치(완제품 꼬치 포함)·볶음용 양고기 | K4: 개인(과세표준 2억 이하) | L4: =9/109 -> 0.082568807 | N4: 과세 | O4: 카드 | P4: 세금계산서 | Q4: 식재료
B5: 조회월 (1~12) | C5: 10 | E5: 판교점 | G5: 기타육류 | H5: 식재료 | I5: 돼지고기(꿔바로우·육사용), 닭고기 등 | K5: 개인(과세표준 2억 초과) | L5: =8/108 -> 0.074074074 | N5: 면세 | O5: 계좌이체 | P5: 계산서(면세) | Q5: 주류·음료
B6: 조회지점 | C6: 전체 | E6: 모란점 | G6: 수산물 | H6: 식재료 | I6: 대하·새우꼬치·민물가재(소룽샤) | K6: 법인 | L6: =6/106 -> 0.056603774 | O6: 현금 | P6: 카드전표 | Q6: 소모품
B7: 잡재료 가산율 (양념·기본찬) | C7: 0.05 | G7: 채소·과일 | H7: 식재료 | I7: 가지·토마토·감자·피망·고수·레몬 등 | O7: 외상 | P7: 현금영수증
B8: 목표 식재료 원가율 | C8: 0.35 | G8: 두부·계란·곡류·면 | H8: 식재료 | I8: 두부·건두부·계란·쌀·면류·분모자 | P8: 간이영수증
B9: 목표 주류·음료 원가율 | C9: 0.3 | G9: 냉동·가공식품 | H9: 식재료 | I9: 물만두·꽃빵·피쉬볼 등 완제품
B10: 경고 허용폭 (%p) | C10: 0.03 | G10: 양념·향신료·소스 | H10: 식재료 | I10: 쯔란·마라소스·두반장·춘장·간장·설탕 등
B11: 사업자 유형 (의제매입) | C11: 개인(과세표준 2억 이하) | G11: 유지·기타식재료 | H11: 식재료 | I11: 식용유·참기름·땅콩·기본찬 재료
B12: 의제매입세액 공제율 | C12: =INDEX($L$4:$L$6,MATCH(C11,$K$4:$K$6,0)) -> 0.082568807 | G12: 주류 | H12: 주류·음료 | I12: 백주(연태구냥·설원 등)·맥주·하이볼용 위스키
B13: 이론-실제 허용 차이율 | C13: 0.05 | G13: 음료·얼음 | H13: 주류·음료 | I13: 탄산수·콜라·사이다·얼음
G14: 숯·소모품·포장 | H14: 소모품 | I14: 숯·꼬치·물티슈·앞치마·포장용기
B15: ※ 목표 원가율은 업계 통상치를 참고한 출발값입니다. 3개월 실적을 본 뒤 사장님 기준으로 조정하세요.
B16: ※ 의제매입세액 공제율은 2026년 현행 기준(개인 음식점 과표 2억 이하 9/109 특례). 세법 개정 시 K~L열을 수정하세요.

Sheet 월손익요약
B1: =기본설정!$C$3&" 월 손익 요약" -> 왕징양다리양꼬치 월 손익 요약
B2: ="단위: 만원 | 실적: "&기본설정!$C$4&"년 "&기본설정!$C$5&"월, "&기본설정!$C$6&" | 입력은 [월손익상세] 시트에서" -> 단위: 만원 | 실적: 2026년 10월, 전체 | 입력은 [월손익상세] 시트에서
B4: 항목 | C4: ="계획 (월 "&TEXT(월손익상세!$D$5,"#,##0")&")" -> 계획 (월 5,000) | D4: 매출대비 | E4: 실적 (조회월) | F4: 매출대비 | G4: 차이
B5: 월 매출 (부가세 포함) | C5: =월손익상세!$D$5 -> 5000 | E5: =월손익상세!$F$5 -> 230 | G5: =E5-C5 -> -4770
B6: 인건비 (4대보험 포함) | C6: =월손익상세!$D$36 -> 1300 | D6: =IFERROR(C6/$C$5,0) -> 0.26 | E6: =월손익상세!$F$36 -> 0 | F6: =IFERROR(E6/$E$5,0) -> 0 | G6: =E6-C6 -> -1300
B7: 수도광열·가스·숯 | C7: =월손익상세!$D$43 -> 230 | D7: =IFERROR(C7/$C$5,0) -> 0.046 | E7: =월손익상세!$F$43 -> 0 | F7: =IFERROR(E7/$E$5,0) -> 0 | G7: =E7-C7 -> -230
B8: ① 부가세 실납부 | C8: =월손익상세!$D$13 -> 200.10967 | D8: =IFERROR(C8/$C$5,0) -> 0.040021935 | E8: =월손익상세!$F$13 -> 14.791491 | F8: =IFERROR(E8/$E$5,0) -> 0.06431083 | G8: =E8-C8 -> -185.31818
B9: ② 식재료+주류 | C9: =월손익상세!$D$19 -> 1750 | D9: =IFERROR(C9/$C$5,0) -> 0.35 | E9: =월손익상세!$F$19 -> 70.3 | F9: =IFERROR(E9/$E$5,0) -> 0.30565217 | G9: =E9-C9 -> -1679.7
B10: ③ 카드수수료·소모품 | C10: =월손익상세!$D$30 -> 149.9 | D10: =IFERROR(C10/$C$5,0) -> 0.02998 | E10: =월손익상세!$F$30 -> 2.5254 | F10: =IFERROR(E10/$E$5,0) -> 0.01098 | G10: =E10-C10 -> -147.3746
B11: ④ 인건비 | C11: =월손익상세!$D$36 -> 1300 | D11: =IFERROR(C11/$C$5,0) -> 0.26 | E11: =월손익상세!$F$36 -> 0 | F11: =IFERROR(E11/$E$5,0) -> 0 | G11: =E11-C11 -> -1300
B12: ⑤ 수도광열·가스·숯 | C12: =월손익상세!$D$43 -> 230 | D12: =IFERROR(C12/$C$5,0) -> 0.046 | E12: =월손익상세!$F$43 -> 0 | F12: =IFERROR(E12/$E$5,0) -> 0 | G12: =E12-C12 -> -230
B13: ⑥ 월세 + 부가세 | C13: =월손익상세!$D$49 -> 550 | D13: =IFERROR(C13/$C$5,0) -> 0.11 | E13: =월손익상세!$F$49 -> 0 | F13: =IFERROR(E13/$E$5,0) -> 0 | G13: =E13-C13 -> -550
B14: ⑦ 관리비 | C14: =월손익상세!$D$52 -> 50 | D14: =IFERROR(C14/$C$5,0) -> 0.01 | E14: =월손익상세!$F$52 -> 0 | F14: =IFERROR(E14/$E$5,0) -> 0 | G14: =E14-C14 -> -50
B15: ⑧ 발렛파킹 | C15: =월손익상세!$D$54 -> 100 | D15: =IFERROR(C15/$C$5,0) -> 0.02 | E15: =월손익상세!$F$54 -> 0 | F15: =IFERROR(E15/$E$5,0) -> 0 | G15: =E15-C15 -> -100
B16: ⑨ 마케팅 | C16: =월손익상세!$D$56 -> 500 | D16: =IFERROR(C16/$C$5,0) -> 0.1 | E16: =월손익상세!$F$56 -> 0 | F16: =IFERROR(E16/$E$5,0) -> 0 | G16: =E16-C16 -> -500
B17: ⑩ 기타 고정비 | C17: =월손익상세!$D$63 -> 120 | D17: =IFERROR(C17/$C$5,0) -> 0.024 | E17: =월손익상세!$F$63 -> 0 | F17: =IFERROR(E17/$E$5,0) -> 0 | G17: =E17-C17 -> -120
B18: 총 비용 (①~⑩) | C18: =SUM(C8:C17) -> 4950.0097 | D18: =IFERROR(C18/$C$5,0) -> 0.99000193 | E18: =SUM(E8:E17) -> 87.616891 | F18: =IFERROR(E18/$E$5,0) -> 0.380943 | G18: =SUM(G8:G17) -> -4862.3928
B19: 월 영업이익 (세전) | C19: =C5-C18 -> 49.990325 | D19: =IFERROR(C19/$C$5,0) -> 0.0099980651 | E19: =E5-E18 -> 142.38311 | F19: =IFERROR(E19/$E$5,0) -> 0.619057 | G19: =E19-C19 -> 92.392784
B20: 영업이익률 | C20: =IFERROR(C19/C5,0) -> 0.0099980651 | E20: =IFERROR(E19/E5,0) -> 0.619057 | G20: =E20-C20 -> 0.60905893 | I20: 외식업 평균 5~15%
B21: 임대 관련 비용 비율 (⑥+⑦+⑧) | C21: =IFERROR((C13+C14+C15)/C5,0) -> 0.14 | E21: =IFERROR((E13+E14+E15)/E5,0) -> 0 | G21: =E21-C21 -> -0.14 | I21: 10~15% 이내 권장
B22: 식재료+주류 원가율 (②) | C22: =IFERROR(C9/C5,0) -> 0.35 | E22: =IFERROR(E9/E5,0) -> 0.30565217 | G22: =E22-C22 -> -0.044347826 | I22: 부가세 포함 매출 기준
B23: 인건비율 (④) | C23: =IFERROR(C11/C5,0) -> 0.26 | E23: =IFERROR(E11/E5,0) -> 0 | G23: =E23-C23 -> -0.26 | I23: 25~30% 권장
B24: FL 비율 (식재료+인건비) | C24: =IFERROR((C9+C11)/C5,0) -> 0.61 | E24: =IFERROR((E9+E11)/E5,0) -> 0.30565217 | G24: =E24-C24 -> -0.30434783 | I24: 외식업 핵심 지표, 60~65% 이하 권장
B25: 마케팅비율 (⑨) | C25: =IFERROR(C16/C5,0) -> 0.1 | E25: =IFERROR(E16/E5,0) -> 0 | G25: =E25-C25 -> -0.1 | I25: 3~8% 권장
B27: ■ 손익분기점 · 매출 시나리오 (계획 기준)
B28: 변동비율 (①+②+③) ÷ 매출 | C28: =IFERROR((C8+C9+C10)/C5,0) -> 0.42000193 | D28: 매출이 늘면 같이 늘어나는 비용
B29: 월 고정비 (④~⑩) | C29: =C11+C12+C13+C14+C15+C16+C17 -> 2850 | D29: 매출과 관계없이 나가는 비용
B30: 손익분기 월매출 | C30: =IFERROR(C29/(1-C28),0) -> 4913.8095 | D30: 이 매출을 넘어야 이익이 남습니다
B31: 현재 계획 매출 − 손익분기 | C31: =C5-C30 -> 86.190504 | D31: 여유 매출 (마이너스면 적자 구간)
B32: 하루 손익분기 매출 (월 30일 영업) | C32: =C30/30 -> 163.79365 | D32: 휴무일이 있으면 영업일수로 나눠 보세요
B34: 월 매출 (시나리오) | C34: 변동비 | D34: 고정비 | E34: 영업이익 | F34: 영업이익률
B35: 3000 | C35: =B35*$C$28 -> 1260.0058 | D35: =$C$29 -> 2850 | E35: =B35-C35-D35 -> -1110.0058 | F35: =IFERROR(E35/B35,0) -> -0.37000193
B36: 4000 | C36: =B36*$C$28 -> 1680.0077 | D36: =$C$29 -> 2850 | E36: =B36-C36-D36 -> -530.00774 | F36: =IFERROR(E36/B36,0) -> -0.13250193
B37: 5000 | C37: =B37*$C$28 -> 2100.0097 | D37: =$C$29 -> 2850 | E37: =B37-C37-D37 -> 49.990325 | F37: =IFERROR(E37/B37,0) -> 0.0099980651
B38: 6000 | C38: =B38*$C$28 -> 2520.0116 | D38: =$C$29 -> 2850 | E38: =B38-C38-D38 -> 629.98839 | F38: =IFERROR(E38/B38,0) -> 0.10499807
B39: 7000 | C39: =B39*$C$28 -> 2940.0135 | D39: =$C$29 -> 2850 | E39: =B39-C39-D39 -> 1209.9865 | F39: =IFERROR(E39/B39,0) -> 0.17285521
B41: ※ 시나리오는 계획의 변동비율·고정비를 그대로 적용한 추정입니다. 실제로는 매출이 늘면 아르바이트·전기료도 조금씩 늘어납니다.
B42: ※ 비율은 부가세 포함 매출 대비입니다. 실적 열은 [월손익상세]에 그 달 실제 지출을 입력해야 채워집니다.

Sheet 월손익상세
B1: 월 손익 상세 (단위: 만원)
B2: 노란 칸만 입력. [계획]은 목표 월매출 기준 예산, [실적]은 기본설정 조회월·조회지점 기준(매출·식재료·의제매입은 매출원가계산서에서 자동, 나머지는 통장·카드 내역으로 입력).
B4: ■ 가정 (입력) | D4: 계획 | F4: 실적(조회월)
B5: 월 매출 (부가세 포함) | D5: 5000 | F5: =매출원가계산서!$C$8/10000 -> 230 | I5: 실적은 매출일보 합계에서 자동
B6: 카드결제 비중 | D6: 0.9 | I6: 총매출 중 카드 결제 비율
B7: 카드수수료율 | D7: 0.0122 | I7: 연매출 5~10억 중소가맹점 신용카드 우대수수료 수준(2026). 카드사 안내 문자로 확인
B8: 식재료 중 면세 비중 | D8: 0.6 | I8: 양고기·채소·두부·계란·수산물 등 면세 매입이 식재료(주류·음료 제외)에서 차지하는 비율
B9: 신용카드매출세액공제율 | D9: 0.013 | I9: 개인사업자(연 매출 10억 이하) 카드매출의 1.3%, 연 1,000만원 한도. 법인은 0%로 바꾸세요
B10: 의제매입세액 공제율 | D10: =기본설정!$C$12 -> 0.082568807 | I10: 기본설정에서 자동
B11: ■ 비용 상세
B12: 구분 | C12: 세부항목 | D12: 계획 (만원) | E12: 매출 대비 | F12: 실적 (만원) | G12: 매출 대비 | H12: 차이 (실적−계획) | I12: 기준·메모
B13: ① 부가세 실납부 | C13: 소계 | D13: =D14-D15-D16-D17-D18 -> 200.10967 | E13: =IFERROR(D13/$D$5,0) -> 0.040021935 | F13: =F14-F15-F16-F17-F18 -> 14.791491 | G13: =IF(F13="","",IFERROR(F13/$F$5,0)) -> 0.06431083 | H13: =IF(F13="","",F13-D13) -> -185.31818 | I13: 부가세는 1·7월(개인)에 내지만, 매달 이만큼 따로 떼어 적립하세요
C14: 매출세액 (매출 ÷ 11) | D14: =D5/11 -> 454.54545 | E14: =IFERROR(D14/$D$5,0) -> 0.090909091 | F14: =F5/11 -> 20.909091 | G14: =IF(F14="","",IFERROR(F14/$F$5,0)) -> 0.090909091 | H14: =IF(F14="","",F14-D14) -> -433.63636 | I14: 손님에게 받아둔 부가세
C15: (−) 과세 매입세액 | D15: 85 | E15: =IFERROR(D15/$D$5,0) -> 0.017 | G15: =IF(F15="","",IFERROR(F15/$F$5,0)) | H15: =IF(F15="","",F15-D15) | I15: 식재료·주류·소모품·경비의 세금계산서·카드 매입 부가세. 매입장 '부가세' 열 합계 + 경비 부가세
C16: (−) 의제매입세액 공제 | D16: =(D19-D28-D29)*$D$8*$D$10 -> 60.93578 | E16: =IFERROR(D16/$D$5,0) -> 0.012187156 | F16: =매출원가계산서!$C$55/10000 -> 3.4266 | G16: =IF(F16="","",IFERROR(F16/$F$5,0)) -> 0.014898261 | H16: =IF(F16="","",F16-D16) -> -57.50918 | I16: 면세 식재료 × 공제율. 실적은 매출원가계산서 6번에서 자동
C17: (−) 임대료 부가세 공제 | D17: =D51 -> 50 | E17: =IFERROR(D17/$D$5,0) -> 0.01 | F17: =F51 -> 0 | G17: =IF(F17="","",IFERROR(F17/$F$5,0)) -> 0 | H17: =IF(F17="","",F17-D17) -> -50 | I17: ⑥ 월세 부가세는 세금계산서 받으면 공제
C18: (−) 신용카드매출세액공제 | D18: =MIN(D5*$D$6*$D$9,1000/12) -> 58.5 | E18: =IFERROR(D18/$D$5,0) -> 0.0117 | F18: =MIN(F5*$D$6*$D$9,1000/12) -> 2.691 | G18: =IF(F18="","",IFERROR(F18/$F$5,0)) -> 0.0117 | H18: =IF(F18="","",F18-D18) -> -55.809 | I18: 월 한도 약 83만원(연 1,000만원)
B19: ② 식재료 + 주류 | C19: 소계 | D19: =SUM(D20:D29) -> 1750 | E19: =IFERROR(D19/$D$5,0) -> 0.35 | F19: =SUM(F20:F29) -> 70.3 | G19: =IF(F19="","",IFERROR(F19/$F$5,0)) -> 0.30565217 | H19: =IF(F19="","",F19-D19) -> -1679.7 | I19: 실적은 매출원가계산서(기초재고+매입−기말재고)에서 자동
C20: 양고기 | D20: 650 | E20: =IFERROR(D20/$D$5,0) -> 0.13 | F20: =매출원가계산서!$G$14/10000 -> 41.5 | G20: =IF(F20="","",IFERROR(F20/$F$5,0)) -> 0.18043478 | H20: =IF(F20="","",F20-D20) -> -608.5 | I20: 양다리·양갈비·양꼬치(완제품 꼬치 포함)·볶음용 양고기
C21: 기타육류 | D21: 70 | E21: =IFERROR(D21/$D$5,0) -> 0.014 | F21: =매출원가계산서!$G$15/10000 -> 0 | G21: =IF(F21="","",IFERROR(F21/$F$5,0)) -> 0 | H21: =IF(F21="","",F21-D21) -> -70 | I21: 돼지고기(꿔바로우·육사용), 닭고기 등
C22: 수산물 | D22: 120 | E22: =IFERROR(D22/$D$5,0) -> 0.024 | F22: =매출원가계산서!$G$16/10000 -> 0 | G22: =IF(F22="","",IFERROR(F22/$F$5,0)) -> 0 | H22: =IF(F22="","",F22-D22) -> -120 | I22: 대하·새우꼬치·민물가재(소룽샤)
C23: 채소·과일 | D23: 110 | E23: =IFERROR(D23/$D$5,0) -> 0.022 | F23: =매출원가계산서!$G$17/10000 -> 0 | G23: =IF(F23="","",IFERROR(F23/$F$5,0)) -> 0 | H23: =IF(F23="","",F23-D23) -> -110 | I23: 가지·토마토·감자·피망·고수·레몬 등
C24: 두부·계란·곡류·면 | D24: 80 | E24: =IFERROR(D24/$D$5,0) -> 0.016 | F24: =매출원가계산서!$G$18/10000 -> 0 | G24: =IF(F24="","",IFERROR(F24/$F$5,0)) -> 0 | H24: =IF(F24="","",F24-D24) -> -80 | I24: 두부·건두부·계란·쌀·면류·분모자
C25: 냉동·가공식품 | D25: 50 | E25: =IFERROR(D25/$D$5,0) -> 0.01 | F25: =매출원가계산서!$G$19/10000 -> 0 | G25: =IF(F25="","",IFERROR(F25/$F$5,0)) -> 0 | H25: =IF(F25="","",F25-D25) -> -50 | I25: 물만두·꽃빵·피쉬볼 등 완제품
C26: 양념·향신료·소스 | D26: 90 | E26: =IFERROR(D26/$D$5,0) -> 0.018 | F26: =매출원가계산서!$G$20/10000 -> 0 | G26: =IF(F26="","",IFERROR(F26/$F$5,0)) -> 0 | H26: =IF(F26="","",F26-D26) -> -90 | I26: 쯔란·마라소스·두반장·춘장·간장·설탕 등
C27: 유지·기타식재료 | D27: 60 | E27: =IFERROR(D27/$D$5,0) -> 0.012 | F27: =매출원가계산서!$G$21/10000 -> 0 | G27: =IF(F27="","",IFERROR(F27/$F$5,0)) -> 0 | H27: =IF(F27="","",F27-D27) -> -60 | I27: 식용유·참기름·땅콩·기본찬 재료
C28: 주류 | D28: 450 | E28: =IFERROR(D28/$D$5,0) -> 0.09 | F28: =매출원가계산서!$G$22/10000 -> 28.8 | G28: =IF(F28="","",IFERROR(F28/$F$5,0)) -> 0.12521739 | H28: =IF(F28="","",F28-D28) -> -421.2 | I28: 백주(연태구냥·설원 등)·맥주·하이볼용 위스키
C29: 음료·얼음 | D29: 70 | E29: =IFERROR(D29/$D$5,0) -> 0.014 | F29: =매출원가계산서!$G$23/10000 -> 0 | G29: =IF(F29="","",IFERROR(F29/$F$5,0)) -> 0 | H29: =IF(F29="","",F29-D29) -> -70 | I29: 탄산수·콜라·사이다·얼음
B30: ③ 카드수수료 · 소모품 | C30: 소계 | D30: =SUM(D31:D35) -> 149.9 | E30: =IFERROR(D30/$D$5,0) -> 0.02998 | F30: =SUM(F31:F35) -> 2.5254 | G30: =IF(F30="","",IFERROR(F30/$F$5,0)) -> 0.01098 | H30: =IF(F30="","",F30-D30) -> -147.3746
C31: 카드수수료 | D31: =D5*$D$6*$D$7 -> 54.9 | E31: =IFERROR(D31/$D$5,0) -> 0.01098 | F31: =F5*$D$6*$D$7 -> 2.5254 | G31: =IF(F31="","",IFERROR(F31/$F$5,0)) -> 0.01098 | H31: =IF(F31="","",F31-D31) -> -52.3746 | I31: 매출 × 카드비중 × 수수료율 (자동 추정, 실제 금액으로 덮어써도 됨)
C32: 배달앱 수수료·배달대행비 | D32: 30 | E32: =IFERROR(D32/$D$5,0) -> 0.006 | G32: =IF(F32="","",IFERROR(F32/$F$5,0)) | H32: =IF(F32="","",F32-D32) | I32: 배민·쿠팡이츠 중개수수료 + 배달비 + 결제수수료
C33: 홀 소모품 | D33: 40 | E33: =IFERROR(D33/$D$5,0) -> 0.008 | G33: =IF(F33="","",IFERROR(F33/$F$5,0)) | H33: =IF(F33="","",F33-D33) | I33: 물티슈·냅킨·일회용 앞치마·이쑤시개
C34: 포장용기·비닐 | D34: 10 | E34: =IFERROR(D34/$D$5,0) -> 0.002 | G34: =IF(F34="","",IFERROR(F34/$F$5,0)) | H34: =IF(F34="","",F34-D34) | I34: 포장·배달 용기, 봉투
C35: 주방 소모품 | D35: 15 | E35: =IFERROR(D35/$D$5,0) -> 0.003 | G35: =IF(F35="","",IFERROR(F35/$F$5,0)) | H35: =IF(F35="","",F35-D35) | I35: 세제·랩·호일·위생장갑·수세미
B36: ④ 인건비 (4대보험 포함) | C36: 소계 | D36: =SUM(D37:D42) -> 1300 | E36: =IFERROR(D36/$D$5,0) -> 0.26 | F36: =SUM(F37:F42) -> 0 | G36: =IF(F36="","",IFERROR(F36/$F$5,0)) -> 0 | H36: =IF(F36="","",F36-D36) -> -1300
C37: 주방 직원 급여 | D37: 600 | E37: =IFERROR(D37/$D$5,0) -> 0.12 | G37: =IF(F37="","",IFERROR(F37/$F$5,0)) | H37: =IF(F37="","",F37-D37) | I37: 주방장·주방 보조 (세전 급여)
C38: 홀 직원 급여 | D38: 280 | E38: =IFERROR(D38/$D$5,0) -> 0.056 | G38: =IF(F38="","",IFERROR(F38/$F$5,0)) | H38: =IF(F38="","",F38-D38) | I38: 홀 매니저·정직원
C39: 아르바이트 (주휴·야간수당 포함) | D39: 230 | E39: =IFERROR(D39/$D$5,0) -> 0.046 | G39: =IF(F39="","",IFERROR(F39/$F$5,0)) | H39: =IF(F39="","",F39-D39) | I39: 시급 × 근무시간. 2026 최저시급 이상, 주 15시간 이상은 주휴수당
C40: 4대보험 사업주 부담 | D40: 110 | E40: =IFERROR(D40/$D$5,0) -> 0.022 | G40: =IF(F40="","",IFERROR(F40/$F$5,0)) | H40: =IF(F40="","",F40-D40) | I40: 급여의 약 10~11% (국민·건강·고용·산재)
C41: 퇴직금 적립 | D41: 60 | E41: =IFERROR(D41/$D$5,0) -> 0.012 | G41: =IF(F41="","",IFERROR(F41/$F$5,0)) | H41: =IF(F41="","",F41-D41) | I41: 1년 이상 근무자 월급의 1/12
C42: 직원 식대·복리후생 | D42: 20 | E42: =IFERROR(D42/$D$5,0) -> 0.004 | G42: =IF(F42="","",IFERROR(F42/$F$5,0)) | H42: =IF(F42="","",F42-D42) | I42: 직원 식사·명절 선물·회식
B43: ⑤ 수도광열 · 가스 · 숯 | C43: 소계 | D43: =SUM(D44:D48) -> 230 | E43: =IFERROR(D43/$D$5,0) -> 0.046 | F43: =SUM(F44:F48) -> 0 | G43: =IF(F43="","",IFERROR(F43/$F$5,0)) -> 0 | H43: =IF(F43="","",F43-D43) -> -230
C44: 전기요금 | D44: 80 | E44: =IFERROR(D44/$D$5,0) -> 0.016 | G44: =IF(F44="","",IFERROR(F44/$F$5,0)) | H44: =IF(F44="","",F44-D44) | I44: 환기·냉난방·냉동고 (여름·겨울 증가)
C45: 가스요금 | D45: 70 | E45: =IFERROR(D45/$D$5,0) -> 0.014 | G45: =IF(F45="","",IFERROR(F45/$F$5,0)) | H45: =IF(F45="","",F45-D45) | I45: 주방 화구·웍
C46: 수도요금 | D46: 15 | E46: =IFERROR(D46/$D$5,0) -> 0.003 | G46: =IF(F46="","",IFERROR(F46/$F$5,0)) | H46: =IF(F46="","",F46-D46)
C47: 숯 | D47: 50 | E47: =IFERROR(D47/$D$5,0) -> 0.01 | G47: =IF(F47="","",IFERROR(F47/$F$5,0)) | H47: =IF(F47="","",F47-D47) | I47: 테이블 숯불 + 양다리 굽기. 매입장 '숯' 합계 참고
C48: 기타 연료·정수 | D48: 15 | E48: =IFERROR(D48/$D$5,0) -> 0.003 | G48: =IF(F48="","",IFERROR(F48/$F$5,0)) | H48: =IF(F48="","",F48-D48) | I48: 착화제·토치 가스·정수 필터
B49: ⑥ 월세 + 부가세 | C49: 소계 | D49: =SUM(D50:D51) -> 550 | E49: =IFERROR(D49/$D$5,0) -> 0.11 | F49: =SUM(F50:F51) -> 0 | G49: =IF(F49="","",IFERROR(F49/$F$5,0)) -> 0 | H49: =IF(F49="","",F49-D49) -> -550
C50: 월세 | D50: 500 | E50: =IFERROR(D50/$D$5,0) -> 0.1 | G50: =IF(F50="","",IFERROR(F50/$F$5,0)) | H50: =IF(F50="","",F50-D50) | I50: 임대차계약서 기준
C51: 월세 부가세 (10%) | D51: =D50*0.1 -> 50 | E51: =IFERROR(D51/$D$5,0) -> 0.01 | F51: =F50*0.1 -> 0 | G51: =IF(F51="","",IFERROR(F51/$F$5,0)) -> 0 | H51: =IF(F51="","",F51-D51) -> -50 | I51: 세금계산서 받으면 ① 부가세에서 공제
B52: ⑦ 관리비 | C52: 소계 | D52: =SUM(D53:D53) -> 50 | E52: =IFERROR(D52/$D$5,0) -> 0.01 | F52: =SUM(F53:F53) -> 0 | G52: =IF(F52="","",IFERROR(F52/$F$5,0)) -> 0 | H52: =IF(F52="","",F52-D52) -> -50
C53: 건물 관리비 | D53: 50 | E53: =IFERROR(D53/$D$5,0) -> 0.01 | G53: =IF(F53="","",IFERROR(F53/$F$5,0)) | H53: =IF(F53="","",F53-D53) | I53: 공용 전기·청소·엘리베이터
B54: ⑧ 발렛파킹 | C54: 소계 | D54: =SUM(D55:D55) -> 100 | E54: =IFERROR(D54/$D$5,0) -> 0.02 | F54: =SUM(F55:F55) -> 0 | G54: =IF(F54="","",IFERROR(F54/$F$5,0)) -> 0 | H54: =IF(F54="","",F54-D54) -> -100
C55: 발렛 용역비 | D55: 100 | E55: =IFERROR(D55/$D$5,0) -> 0.02 | G55: =IF(F55="","",IFERROR(F55/$F$5,0)) | H55: =IF(F55="","",F55-D55) | I55: 발렛 업체 월 계약금
B56: ⑨ 마케팅 | C56: 소계 | D56: =SUM(D57:D62) -> 500 | E56: =IFERROR(D56/$D$5,0) -> 0.1 | F56: =SUM(F57:F62) -> 0 | G56: =IF(F56="","",IFERROR(F56/$F$5,0)) -> 0 | H56: =IF(F56="","",F56-D56) -> -500
C57: 네이버 플레이스·검색광고 | D57: 150 | E57: =IFERROR(D57/$D$5,0) -> 0.03 | G57: =IF(F57="","",IFERROR(F57/$F$5,0)) | H57: =IF(F57="","",F57-D57) | I57: 플레이스 광고·파워링크 클릭비
C58: 인스타·체험단·인플루언서 | D58: 120 | E58: =IFERROR(D58/$D$5,0) -> 0.024 | G58: =IF(F58="","",IFERROR(F58/$F$5,0)) | H58: =IF(F58="","",F58-D58) | I58: 체험단 원가·광고비
C59: 리뷰 이벤트·서비스 메뉴 | D59: 80 | E59: =IFERROR(D59/$D$5,0) -> 0.016 | G59: =IF(F59="","",IFERROR(F59/$F$5,0)) | H59: =IF(F59="","",F59-D59) | I59: 리뷰 작성 서비스(꽃빵·음료 등) 원가
C60: 배달앱 광고 | D60: 50 | E60: =IFERROR(D60/$D$5,0) -> 0.01 | G60: =IF(F60="","",IFERROR(F60/$F$5,0)) | H60: =IF(F60="","",F60-D60) | I60: 배민 울트라콜·오픈리스트 등
C61: 전단·현수막·쿠폰·명함 | D61: 50 | E61: =IFERROR(D61/$D$5,0) -> 0.01 | G61: =IF(F61="","",IFERROR(F61/$F$5,0)) | H61: =IF(F61="","",F61-D61)
C62: 홈페이지·스레드 운영 | D62: 50 | E62: =IFERROR(D62/$D$5,0) -> 0.01 | G62: =IF(F62="","",IFERROR(F62/$F$5,0)) | H62: =IF(F62="","",F62-D62) | I62: 도메인·호스팅·콘텐츠 제작
B63: ⑩ 기타 고정비 | C63: 소계 | D63: =SUM(D64:D72) -> 120 | E63: =IFERROR(D63/$D$5,0) -> 0.024 | F63: =SUM(F64:F72) -> 0 | G63: =IF(F63="","",IFERROR(F63/$F$5,0)) -> 0 | H63: =IF(F63="","",F63-D63) -> -120
C64: POS·카드단말기·테이블오더 | D64: 15 | E64: =IFERROR(D64/$D$5,0) -> 0.003 | G64: =IF(F64="","",IFERROR(F64/$F$5,0)) | H64: =IF(F64="","",F64-D64)
C65: 통신·인터넷·CCTV | D65: 12 | E65: =IFERROR(D65/$D$5,0) -> 0.0024 | G65: =IF(F65="","",IFERROR(F65/$F$5,0)) | H65: =IF(F65="","",F65-D65)
C66: 방역 (세스코 등) | D66: 10 | E66: =IFERROR(D66/$D$5,0) -> 0.002 | G66: =IF(F66="","",IFERROR(F66/$F$5,0)) | H66: =IF(F66="","",F66-D66)
C67: 화재·영업배상 보험 | D67: 10 | E67: =IFERROR(D67/$D$5,0) -> 0.002 | G67: =IF(F67="","",IFERROR(F67/$F$5,0)) | H67: =IF(F67="","",F67-D67)
C68: 세무 기장료 | D68: 15 | E68: =IFERROR(D68/$D$5,0) -> 0.003 | G68: =IF(F68="","",IFERROR(F68/$F$5,0)) | H68: =IF(F68="","",F68-D68) | I68: 세무사 월 기장료
C69: 렌탈 (식기세척기·정수기) | D69: 18 | E69: =IFERROR(D69/$D$5,0) -> 0.0036 | G69: =IF(F69="","",IFERROR(F69/$F$5,0)) | H69: =IF(F69="","",F69-D69)
C70: 수선·유지보수 | D70: 15 | E70: =IFERROR(D70/$D$5,0) -> 0.003 | G70: =IF(F70="","",IFERROR(F70/$F$5,0)) | H70: =IF(F70="","",F70-D70) | I70: 설비 고장·인테리어 보수 (월 평균)
C71: 음식물쓰레기·위생 | D71: 10 | E71: =IFERROR(D71/$D$5,0) -> 0.002 | G71: =IF(F71="","",IFERROR(F71/$F$5,0)) | H71: =IF(F71="","",F71-D71) | I71: 음식물 처리·위생교육·보건증
C72: 잡비 | D72: 15 | E72: =IFERROR(D72/$D$5,0) -> 0.003 | G72: =IF(F72="","",IFERROR(F72/$F$5,0)) | H72: =IF(F72="","",F72-D72) | I72: 은행 수수료·사무용품 등
B73: 총 비용 (①~⑩) | D73: =D13+D19+D30+D36+D43+D49+D52+D54+D56+D63 -> 4950.0097 | E73: =IFERROR(D73/$D$5,0) -> 0.99000193 | F73: =F13+F19+F30+F36+F43+F49+F52+F54+F56+F63 -> 87.616891 | G73: =IF(F73="","",IFERROR(F73/$F$5,0)) -> 0.380943 | H73: =IF(F73="","",F73-D73) -> -4862.3928
B74: 월 영업이익 (세전) | C74: 매출 − 총비용 | D74: =D5-D73 -> 49.990325 | E74: =IFERROR(D74/$D$5,0) -> 0.0099980651 | F74: =F5-F73 -> 142.38311 | G74: =IF(F74="","",IFERROR(F74/$F$5,0)) -> 0.619057 | H74: =IF(F74="","",F74-D74) -> 92.392784
B75: 영업이익률 | D75: =IFERROR(D74/D5,0) -> 0.0099980651 | F75: =IFERROR(F74/F5,0) -> 0.619057
B76: ■ 참고: 영업이익에서 더 빠지는 돈 (실제 손에 남는 돈 계산)
B77: 영업이익 (위에서) | D77: =D74 -> 49.990325 | F77: =F74 -> 142.38311
C78: 대출이자 | D78: 0 | E78: =IFERROR(D78/$D$5,0) -> 0 | G78: =IF(F78="","",IFERROR(F78/$F$5,0)) | H78: =IF(F78="","",F78-D78) | I78: 창업·운전자금 대출 월 이자
C79: 감가상각 (인테리어·설비 회수) | D79: 0 | E79: =IFERROR(D79/$D$5,0) -> 0 | G79: =IF(F79="","",IFERROR(F79/$F$5,0)) | H79: =IF(F79="","",F79-D79) | I79: 인테리어·주방설비 총액 ÷ 60개월
C80: 사장님 본인 인건비 | D80: 0 | E80: =IFERROR(D80/$D$5,0) -> 0 | G80: =IF(F80="","",IFERROR(F80/$F$5,0)) | H80: =IF(F80="","",F80-D80) | I80: 직접 근무하는 노동의 대가 (영업이익과 구분해서 보기)
C81: 종합소득세·지방세 적립 | D81: 0 | E81: =IFERROR(D81/$D$5,0) -> 0 | G81: =IF(F81="","",IFERROR(F81/$F$5,0)) | H81: =IF(F81="","",F81-D81) | I81: 영업이익의 약 10~20% (세무사와 확인)
B82: 실제 손에 남는 돈 | C82: 영업이익 − 위 항목 | D82: =D77-SUM(D78:D81) -> 49.990325 | E82: =IFERROR(D82/$D$5,0) -> 0.0099980651 | F82: =F77-SUM(F78:F81) -> 142.38311 | G82: =IF(F82="","",IFERROR(F82/$F$5,0)) -> 0.619057 | H82: =IF(F82="","",F82-D82) -> 92.392784
B84: ※ 이 시트의 비율은 부가세 포함 매출 대비입니다(매출원가계산서는 공급가 기준이라 원가율이 약 10% 더 높게 나옵니다).
B85: ※ 미리 넣은 계획 금액은 월매출 5,000만원 기준 예시입니다. 사장님 실제 금액으로 바꿔주세요.

Sheet 매출원가계산서
B1: =기본설정!$C$3&" 매출원가계산서" -> 왕징양다리양꼬치 매출원가계산서
B2: ="기간: "&TEXT($L$2,"yyyy-mm-dd")&" ~ "&TEXT($L$3-1,"yyyy-mm-dd")&" 지점: "&기본설정!$C$6&" (금액 단위: 원, 원가는 부가세 제외 공급가액)" -> 기간: 2026-10-01 ~ 2026-10-31 지점: 전체 (금액 단위: 원, 원가는 부가세 제외 공급가액) | K2: 시작일 | L2: =DATE(기본설정!$C$4,기본설정!$C$5,1) -> 46296
K3: 종료일(미만) | L3: =DATE(기본설정!$C$4,기본설정!$C$5+1,1) -> 46327
B4: 1. 매출 현황
B5: 구분 | C5: 매출 (VAT포함) | D5: 매출 (공급가액) | E5: 구성비
B6: 음식 매출 | C6: =IF(기본설정!$C$6="전체",SUMIFS(매출일보!$I$4:$I$403,매출일보!$A$4:$A$403,">="&$L$2,매출일보!$A$4:$A$403,"<"&$L$3),SUMIFS(매출일보!$I$4:$I$403,매출일보!$A$4:$A$403,">="&$L$2,매출일보!$A$4:$A$403,"<"&$L$3,매출일보!$B$4:$B$403,기본설정!$C$6)) -> 1780000 | D6: =C6/1.1 -> 1618181.8 | E6: =IFERROR(D6/$D$8,0) -> 0.77391304
B7: 주류·음료 매출 | C7: =IF(기본설정!$C$6="전체",SUMIFS(매출일보!$H$4:$H$403,매출일보!$A$4:$A$403,">="&$L$2,매출일보!$A$4:$A$403,"<"&$L$3),SUMIFS(매출일보!$H$4:$H$403,매출일보!$A$4:$A$403,">="&$L$2,매출일보!$A$4:$A$403,"<"&$L$3,매출일보!$B$4:$B$403,기본설정!$C$6)) -> 520000 | D7: =C7/1.1 -> 472727.27 | E7: =IFERROR(D7/$D$8,0) -> 0.22608696
B8: 매출 합계 | C8: =C6+C7 -> 2300000 | D8: =D6+D7 -> 2090909.1 | E8: =IFERROR(D8/$D$8,0) -> 1
B9: 객수 (명) | C9: =IF(기본설정!$C$6="전체",SUMIFS(매출일보!$J$4:$J$403,매출일보!$A$4:$A$403,">="&$L$2,매출일보!$A$4:$A$403,"<"&$L$3),SUMIFS(매출일보!$J$4:$J$403,매출일보!$A$4:$A$403,">="&$L$2,매출일보!$A$4:$A$403,"<"&$L$3,매출일보!$B$4:$B$403,기본설정!$C$6)) -> 62
B10: 객단가 (VAT포함) | C10: =IFERROR(C8/C9,0) -> 37096.774
B12: 2. 매출원가 = 기초재고 + 당월매입 − 기말재고
B13: 분류 | C13: 원가그룹 | D13: 기초재고 | E13: 당월매입 | F13: 기말재고 | G13: 매출원가 | H13: 원가 구성비 | I13: 관련매출 대비
B14: =기본설정!$G$4 -> 양고기 | C14: =기본설정!$H$4 -> 식재료 | D14: =IF(기본설정!$C$6="전체",SUMIFS(재고실사!$V$4:$V$403,재고실사!$B$4:$B$403,$B14),SUMIFS(재고실사!$V$4:$V$403,재고실사!$B$4:$B$403,$B14,재고실사!$A$4:$A$403,기본설정!$C$6)) -> 0 | E14: =IF(기본설정!$C$6="전체",SUMIFS(매입장!$I$4:$I$1503,매입장!$E$4:$E$1503,$B14,매입장!$A$4:$A$1503,">="&$L$2,매입장!$A$4:$A$1503,"<"&$L$3),SUMIFS(매입장!$I$4:$I$1503,매입장!$E$4:$E$1503,$B14,매입장!$A$4:$A$1503,">="&$L$2,매입장!$A$4:$A$1503,"<"&$L$3,매입장!$B$4:$B$1503,기본설정!$C$6)) -> 415000 | F14: =IF(기본설정!$C$6="전체",SUMIFS(재고실사!$T$4:$T$403,재고실사!$B$4:$B$403,$B14),SUMIFS(재고실사!$T$4:$T$403,재고실사!$B$4:$B$403,$B14,재고실사!$A$4:$A$403,기본설정!$C$6)) -> 0 | G14: =D14+E14-F14 -> 415000 | H14: =IFERROR(G14/$G$28,0) -> 0.59032717 | I14: =IFERROR(G14/IF(C14="식재료",$D$6,IF(C14="주류·음료",$D$7,$D$8)),0) -> 0.25646067
B15: =기본설정!$G$5 -> 기타육류 | C15: =기본설정!$H$5 -> 식재료 | D15: =IF(기본설정!$C$6="전체",SUMIFS(재고실사!$V$4:$V$403,재고실사!$B$4:$B$403,$B15),SUMIFS(재고실사!$V$4:$V$403,재고실사!$B$4:$B$403,$B15,재고실사!$A$4:$A$403,기본설정!$C$6)) -> 0 | E15: =IF(기본설정!$C$6="전체",SUMIFS(매입장!$I$4:$I$1503,매입장!$E$4:$E$1503,$B15,매입장!$A$4:$A$1503,">="&$L$2,매입장!$A$4:$A$1503,"<"&$L$3),SUMIFS(매입장!$I$4:$I$1503,매입장!$E$4:$E$1503,$B15,매입장!$A$4:$A$1503,">="&$L$2,매입장!$A$4:$A$1503,"<"&$L$3,매입장!$B$4:$B$1503,기본설정!$C$6)) -> 0 | F15: =IF(기본설정!$C$6="전체",SUMIFS(재고실사!$T$4:$T$403,재고실사!$B$4:$B$403,$B15),SUMIFS(재고실사!$T$4:$T$403,재고실사!$B$4:$B$403,$B15,재고실사!$A$4:$A$403,기본설정!$C$6)) -> 0 | G15: =D15+E15-F15 -> 0 | H15: =IFERROR(G15/$G$28,0) -> 0 | I15: =IFERROR(G15/IF(C15="식재료",$D$6,IF(C15="주류·음료",$D$7,$D$8)),0) -> 0
B16: =기본설정!$G$6 -> 수산물 | C16: =기본설정!$H$6 -> 식재료 | D16: =IF(기본설정!$C$6="전체",SUMIFS(재고실사!$V$4:$V$403,재고실사!$B$4:$B$403,$B16),SUMIFS(재고실사!$V$4:$V$403,재고실사!$B$4:$B$403,$B16,재고실사!$A$4:$A$403,기본설정!$C$6)) -> 0 | E16: =IF(기본설정!$C$6="전체",SUMIFS(매입장!$I$4:$I$1503,매입장!$E$4:$E$1503,$B16,매입장!$A$4:$A$1503,">="&$L$2,매입장!$A$4:$A$1503,"<"&$L$3),SUMIFS(매입장!$I$4:$I$1503,매입장!$E$4:$E$1503,$B16,매입장!$A$4:$A$1503,">="&$L$2,매입장!$A$4:$A$1503,"<"&$L$3,매입장!$B$4:$B$1503,기본설정!$C$6)) -> 0 | F16: =IF(기본설정!$C$6="전체",SUMIFS(재고실사!$T$4:$T$403,재고실사!$B$4:$B$403,$B16),SUMIFS(재고실사!$T$4:$T$403,재고실사!$B$4:$B$403,$B16,재고실사!$A$4:$A$403,기본설정!$C$6)) -> 0 | G16: =D16+E16-F16 -> 0 | H16: =IFERROR(G16/$G$28,0) -> 0 | I16: =IFERROR(G16/IF(C16="식재료",$D$6,IF(C16="주류·음료",$D$7,$D$8)),0) -> 0
B17: =기본설정!$G$7 -> 채소·과일 | C17: =기본설정!$H$7 -> 식재료 | D17: =IF(기본설정!$C$6="전체",SUMIFS(재고실사!$V$4:$V$403,재고실사!$B$4:$B$403,$B17),SUMIFS(재고실사!$V$4:$V$403,재고실사!$B$4:$B$403,$B17,재고실사!$A$4:$A$403,기본설정!$C$6)) -> 0 | E17: =IF(기본설정!$C$6="전체",SUMIFS(매입장!$I$4:$I$1503,매입장!$E$4:$E$1503,$B17,매입장!$A$4:$A$1503,">="&$L$2,매입장!$A$4:$A$1503,"<"&$L$3),SUMIFS(매입장!$I$4:$I$1503,매입장!$E$4:$E$1503,$B17,매입장!$A$4:$A$1503,">="&$L$2,매입장!$A$4:$A$1503,"<"&$L$3,매입장!$B$4:$B$1503,기본설정!$C$6)) -> 0 | F17: =IF(기본설정!$C$6="전체",SUMIFS(재고실사!$T$4:$T$403,재고실사!$B$4:$B$403,$B17),SUMIFS(재고실사!$T$4:$T$403,재고실사!$B$4:$B$403,$B17,재고실사!$A$4:$A$403,기본설정!$C$6)) -> 0 | G17: =D17+E17-F17 -> 0 | H17: =IFERROR(G17/$G$28,0) -> 0 | I17: =IFERROR(G17/IF(C17="식재료",$D$6,IF(C17="주류·음료",$D$7,$D$8)),0) -> 0
B18: =기본설정!$G$8 -> 두부·계란·곡류·면 | C18: =기본설정!$H$8 -> 식재료 | D18: =IF(기본설정!$C$6="전체",SUMIFS(재고실사!$V$4:$V$403,재고실사!$B$4:$B$403,$B18),SUMIFS(재고실사!$V$4:$V$403,재고실사!$B$4:$B$403,$B18,재고실사!$A$4:$A$403,기본설정!$C$6)) -> 0 | E18: =IF(기본설정!$C$6="전체",SUMIFS(매입장!$I$4:$I$1503,매입장!$E$4:$E$1503,$B18,매입장!$A$4:$A$1503,">="&$L$2,매입장!$A$4:$A$1503,"<"&$L$3),SUMIFS(매입장!$I$4:$I$1503,매입장!$E$4:$E$1503,$B18,매입장!$A$4:$A$1503,">="&$L$2,매입장!$A$4:$A$1503,"<"&$L$3,매입장!$B$4:$B$1503,기본설정!$C$6)) -> 0 | F18: =IF(기본설정!$C$6="전체",SUMIFS(재고실사!$T$4:$T$403,재고실사!$B$4:$B$403,$B18),SUMIFS(재고실사!$T$4:$T$403,재고실사!$B$4:$B$403,$B18,재고실사!$A$4:$A$403,기본설정!$C$6)) -> 0 | G18: =D18+E18-F18 -> 0 | H18: =IFERROR(G18/$G$28,0) -> 0 | I18: =IFERROR(G18/IF(C18="식재료",$D$6,IF(C18="주류·음료",$D$7,$D$8)),0) -> 0
B19: =기본설정!$G$9 -> 냉동·가공식품 | C19: =기본설정!$H$9 -> 식재료 | D19: =IF(기본설정!$C$6="전체",SUMIFS(재고실사!$V$4:$V$403,재고실사!$B$4:$B$403,$B19),SUMIFS(재고실사!$V$4:$V$403,재고실사!$B$4:$B$403,$B19,재고실사!$A$4:$A$403,기본설정!$C$6)) -> 0 | E19: =IF(기본설정!$C$6="전체",SUMIFS(매입장!$I$4:$I$1503,매입장!$E$4:$E$1503,$B19,매입장!$A$4:$A$1503,">="&$L$2,매입장!$A$4:$A$1503,"<"&$L$3),SUMIFS(매입장!$I$4:$I$1503,매입장!$E$4:$E$1503,$B19,매입장!$A$4:$A$1503,">="&$L$2,매입장!$A$4:$A$1503,"<"&$L$3,매입장!$B$4:$B$1503,기본설정!$C$6)) -> 0 | F19: =IF(기본설정!$C$6="전체",SUMIFS(재고실사!$T$4:$T$403,재고실사!$B$4:$B$403,$B19),SUMIFS(재고실사!$T$4:$T$403,재고실사!$B$4:$B$403,$B19,재고실사!$A$4:$A$403,기본설정!$C$6)) -> 0 | G19: =D19+E19-F19 -> 0 | H19: =IFERROR(G19/$G$28,0) -> 0 | I19: =IFERROR(G19/IF(C19="식재료",$D$6,IF(C19="주류·음료",$D$7,$D$8)),0) -> 0
B20: =기본설정!$G$10 -> 양념·향신료·소스 | C20: =기본설정!$H$10 -> 식재료 | D20: =IF(기본설정!$C$6="전체",SUMIFS(재고실사!$V$4:$V$403,재고실사!$B$4:$B$403,$B20),SUMIFS(재고실사!$V$4:$V$403,재고실사!$B$4:$B$403,$B20,재고실사!$A$4:$A$403,기본설정!$C$6)) -> 0 | E20: =IF(기본설정!$C$6="전체",SUMIFS(매입장!$I$4:$I$1503,매입장!$E$4:$E$1503,$B20,매입장!$A$4:$A$1503,">="&$L$2,매입장!$A$4:$A$1503,"<"&$L$3),SUMIFS(매입장!$I$4:$I$1503,매입장!$E$4:$E$1503,$B20,매입장!$A$4:$A$1503,">="&$L$2,매입장!$A$4:$A$1503,"<"&$L$3,매입장!$B$4:$B$1503,기본설정!$C$6)) -> 0 | F20: =IF(기본설정!$C$6="전체",SUMIFS(재고실사!$T$4:$T$403,재고실사!$B$4:$B$403,$B20),SUMIFS(재고실사!$T$4:$T$403,재고실사!$B$4:$B$403,$B20,재고실사!$A$4:$A$403,기본설정!$C$6)) -> 0 | G20: =D20+E20-F20 -> 0 | H20: =IFERROR(G20/$G$28,0) -> 0 | I20: =IFERROR(G20/IF(C20="식재료",$D$6,IF(C20="주류·음료",$D$7,$D$8)),0) -> 0
B21: =기본설정!$G$11 -> 유지·기타식재료 | C21: =기본설정!$H$11 -> 식재료 | D21: =IF(기본설정!$C$6="전체",SUMIFS(재고실사!$V$4:$V$403,재고실사!$B$4:$B$403,$B21),SUMIFS(재고실사!$V$4:$V$403,재고실사!$B$4:$B$403,$B21,재고실사!$A$4:$A$403,기본설정!$C$6)) -> 0 | E21: =IF(기본설정!$C$6="전체",SUMIFS(매입장!$I$4:$I$1503,매입장!$E$4:$E$1503,$B21,매입장!$A$4:$A$1503,">="&$L$2,매입장!$A$4:$A$1503,"<"&$L$3),SUMIFS(매입장!$I$4:$I$1503,매입장!$E$4:$E$1503,$B21,매입장!$A$4:$A$1503,">="&$L$2,매입장!$A$4:$A$1503,"<"&$L$3,매입장!$B$4:$B$1503,기본설정!$C$6)) -> 0 | F21: =IF(기본설정!$C$6="전체",SUMIFS(재고실사!$T$4:$T$403,재고실사!$B$4:$B$403,$B21),SUMIFS(재고실사!$T$4:$T$403,재고실사!$B$4:$B$403,$B21,재고실사!$A$4:$A$403,기본설정!$C$6)) -> 0 | G21: =D21+E21-F21 -> 0 | H21: =IFERROR(G21/$G$28,0) -> 0 | I21: =IFERROR(G21/IF(C21="식재료",$D$6,IF(C21="주류·음료",$D$7,$D$8)),0) -> 0
B22: =기본설정!$G$12 -> 주류 | C22: =기본설정!$H$12 -> 주류·음료 | D22: =IF(기본설정!$C$6="전체",SUMIFS(재고실사!$V$4:$V$403,재고실사!$B$4:$B$403,$B22),SUMIFS(재고실사!$V$4:$V$403,재고실사!$B$4:$B$403,$B22,재고실사!$A$4:$A$403,기본설정!$C$6)) -> 0 | E22: =IF(기본설정!$C$6="전체",SUMIFS(매입장!$I$4:$I$1503,매입장!$E$4:$E$1503,$B22,매입장!$A$4:$A$1503,">="&$L$2,매입장!$A$4:$A$1503,"<"&$L$3),SUMIFS(매입장!$I$4:$I$1503,매입장!$E$4:$E$1503,$B22,매입장!$A$4:$A$1503,">="&$L$2,매입장!$A$4:$A$1503,"<"&$L$3,매입장!$B$4:$B$1503,기본설정!$C$6)) -> 288000 | F22: =IF(기본설정!$C$6="전체",SUMIFS(재고실사!$T$4:$T$403,재고실사!$B$4:$B$403,$B22),SUMIFS(재고실사!$T$4:$T$403,재고실사!$B$4:$B$403,$B22,재고실사!$A$4:$A$403,기본설정!$C$6)) -> 0 | G22: =D22+E22-F22 -> 288000 | H22: =IFERROR(G22/$G$28,0) -> 0.40967283 | I22: =IFERROR(G22/IF(C22="식재료",$D$6,IF(C22="주류·음료",$D$7,$D$8)),0) -> 0.60923077
B23: =기본설정!$G$13 -> 음료·얼음 | C23: =기본설정!$H$13 -> 주류·음료 | D23: =IF(기본설정!$C$6="전체",SUMIFS(재고실사!$V$4:$V$403,재고실사!$B$4:$B$403,$B23),SUMIFS(재고실사!$V$4:$V$403,재고실사!$B$4:$B$403,$B23,재고실사!$A$4:$A$403,기본설정!$C$6)) -> 0 | E23: =IF(기본설정!$C$6="전체",SUMIFS(매입장!$I$4:$I$1503,매입장!$E$4:$E$1503,$B23,매입장!$A$4:$A$1503,">="&$L$2,매입장!$A$4:$A$1503,"<"&$L$3),SUMIFS(매입장!$I$4:$I$1503,매입장!$E$4:$E$1503,$B23,매입장!$A$4:$A$1503,">="&$L$2,매입장!$A$4:$A$1503,"<"&$L$3,매입장!$B$4:$B$1503,기본설정!$C$6)) -> 0 | F23: =IF(기본설정!$C$6="전체",SUMIFS(재고실사!$T$4:$T$403,재고실사!$B$4:$B$403,$B23),SUMIFS(재고실사!$T$4:$T$403,재고실사!$B$4:$B$403,$B23,재고실사!$A$4:$A$403,기본설정!$C$6)) -> 0 | G23: =D23+E23-F23 -> 0 | H23: =IFERROR(G23/$G$28,0) -> 0 | I23: =IFERROR(G23/IF(C23="식재료",$D$6,IF(C23="주류·음료",$D$7,$D$8)),0) -> 0
B24: =기본설정!$G$14 -> 숯·소모품·포장 | C24: =기본설정!$H$14 -> 소모품 | D24: =IF(기본설정!$C$6="전체",SUMIFS(재고실사!$V$4:$V$403,재고실사!$B$4:$B$403,$B24),SUMIFS(재고실사!$V$4:$V$403,재고실사!$B$4:$B$403,$B24,재고실사!$A$4:$A$403,기본설정!$C$6)) -> 0 | E24: =IF(기본설정!$C$6="전체",SUMIFS(매입장!$I$4:$I$1503,매입장!$E$4:$E$1503,$B24,매입장!$A$4:$A$1503,">="&$L$2,매입장!$A$4:$A$1503,"<"&$L$3),SUMIFS(매입장!$I$4:$I$1503,매입장!$E$4:$E$1503,$B24,매입장!$A$4:$A$1503,">="&$L$2,매입장!$A$4:$A$1503,"<"&$L$3,매입장!$B$4:$B$1503,기본설정!$C$6)) -> 0 | F24: =IF(기본설정!$C$6="전체",SUMIFS(재고실사!$T$4:$T$403,재고실사!$B$4:$B$403,$B24),SUMIFS(재고실사!$T$4:$T$403,재고실사!$B$4:$B$403,$B24,재고실사!$A$4:$A$403,기본설정!$C$6)) -> 0 | G24: =D24+E24-F24 -> 0 | H24: =IFERROR(G24/$G$28,0) -> 0 | I24: =IFERROR(G24/IF(C24="식재료",$D$6,IF(C24="주류·음료",$D$7,$D$8)),0) -> 0
B25: 식재료 소계 | C25: 식재료 | D25: =SUMIF($C$14:$C$24,$C25,D$14:D$24) -> 0 | E25: =SUMIF($C$14:$C$24,$C25,E$14:E$24) -> 415000 | F25: =SUMIF($C$14:$C$24,$C25,F$14:F$24) -> 0 | G25: =SUMIF($C$14:$C$24,$C25,G$14:G$24) -> 415000 | H25: =IFERROR(G25/$G$28,0) -> 0.59032717 | I25: =IFERROR(G25/$D$6,0) -> 0.25646067
B26: 주류·음료 소계 | C26: 주류·음료 | D26: =SUMIF($C$14:$C$24,$C26,D$14:D$24) -> 0 | E26: =SUMIF($C$14:$C$24,$C26,E$14:E$24) -> 288000 | F26: =SUMIF($C$14:$C$24,$C26,F$14:F$24) -> 0 | G26: =SUMIF($C$14:$C$24,$C26,G$14:G$24) -> 288000 | H26: =IFERROR(G26/$G$28,0) -> 0.40967283 | I26: =IFERROR(G26/$D$7,0) -> 0.60923077
B27: 소모품 소계 | C27: 소모품 | D27: =SUMIF($C$14:$C$24,$C27,D$14:D$24) -> 0 | E27: =SUMIF($C$14:$C$24,$C27,E$14:E$24) -> 0 | F27: =SUMIF($C$14:$C$24,$C27,F$14:F$24) -> 0 | G27: =SUMIF($C$14:$C$24,$C27,G$14:G$24) -> 0 | H27: =IFERROR(G27/$G$28,0) -> 0 | I27: =IFERROR(G27/$D$8,0) -> 0
B28: 매출원가 합계 | D28: =SUM(D25:D27) -> 0 | E28: =SUM(E25:E27) -> 703000 | F28: =SUM(F25:F27) -> 0 | G28: =SUM(G25:G27) -> 703000 | H28: =IFERROR(G28/$G$28,0) -> 1 | I28: =IFERROR(G28/$D$8,0) -> 0.33621739
B29: ※ 기초재고 = 재고실사의 전월말 수량 × 현재 단가, 기말재고 = 조회월말 수량 × 현재 단가. '관련매출 대비'는 식재료→음식매출, 주류·음료→주류매출, 소모품→총매출 기준.
B31: 3. 원가율 분석 (목표 대비)
B32: 구분 | C32: 매출원가 | D32: 매출(공급가) | E32: 실제 원가율 | F32: 목표 원가율 | G32: 차이(%p) | H32: 판정
B33: 식재료 원가율 | C33: =G25 -> 415000 | D33: =D6 -> 1618181.8 | E33: =IFERROR(C33/D33,0) -> 0.25646067 | F33: =기본설정!$C$8 -> 0.35 | G33: =IF(F33="","",E33-F33) -> -0.093539326 | H33: =IF(D33=0,"매출 없음",IF(E33>F33+기본설정!$C$10,"위험",IF(E33>F33,"주의","적정"))) -> 적정
B34: 주류·음료 원가율 | C34: =G26 -> 288000 | D34: =D7 -> 472727.27 | E34: =IFERROR(C34/D34,0) -> 0.60923077 | F34: =기본설정!$C$9 -> 0.3 | G34: =IF(F34="","",E34-F34) -> 0.30923077 | H34: =IF(D34=0,"매출 없음",IF(E34>F34+기본설정!$C$10,"위험",IF(E34>F34,"주의","적정"))) -> 위험
B35: 식재료+주류 원가율 | C35: =G25+G26 -> 703000 | D35: =D8 -> 2090909.1 | E35: =IFERROR(C35/D35,0) -> 0.33621739 | F35: =IFERROR((기본설정!$C$8*D6+기본설정!$C$9*D7)/D8,기본설정!$C$8) -> 0.33869565 | G35: =IF(F35="","",E35-F35) -> -0.0024782609 | H35: =IF(D35=0,"매출 없음",IF(E35>F35+기본설정!$C$10,"위험",IF(E35>F35,"주의","적정"))) -> 적정
B36: 소모품 포함 총원가율 | C36: =G28 -> 703000 | D36: =D8 -> 2090909.1 | E36: =IFERROR(C36/D36,0) -> 0.33621739 | H36: 참고용
B38: 4. 매출총이익
B39: 매출 (공급가액) | C39: =D8 -> 2090909.1
B40: (−) 매출원가 | C40: =G28 -> 703000
B41: 매출총이익 | C41: =C39-C40 -> 1387909.1
B42: 매출총이익률 | C42: =IFERROR(C41/C39,0) -> 0.66378261
B43: 1인당 매출원가 (객수 기준) | C43: =IFERROR(G28/C9,0) -> 11338.71
B44: ※ 인건비·임대료·공과금 등 판매관리비는 포함하지 않은 '매출총이익'입니다.
B46: 5. 이론원가(레시피) vs 실제원가 — 로스 점검
B47: 구분 | C47: 이론원가 | D47: 실제원가 | E47: 차이(실제−이론) | F47: 차이율 | G47: 점검 결과
B48: 식재료 | C48: =SUMIF(메뉴원가표!$C$6:$C$65,"식재료",메뉴원가표!$O$6:$O$65) -> 0 | D48: =G25 -> 415000 | E48: =D48-C48 -> 415000 | F48: =IFERROR(E48/C48,0) -> 0 | G48: =IF(C48=0,"메뉴원가표에 판매수량 입력 필요",IF(F48>기본설정!$C$13,"주의: 로스·과다투입·서비스·누락 점검",IF(F48<-기본설정!$C$13,"확인: 매입 누락·재고 과다계상 의심","적정 범위"))) -> 메뉴원가표에 판매수량 입력 필요
B49: 주류·음료 | C49: =SUMIF(메뉴원가표!$C$6:$C$65,"주류·음료",메뉴원가표!$O$6:$O$65) -> 0 | D49: =G26 -> 288000 | E49: =D49-C49 -> 288000 | F49: =IFERROR(E49/C49,0) -> 0 | G49: =IF(C49=0,"메뉴원가표에 판매수량 입력 필요",IF(F49>기본설정!$C$13,"주의: 로스·과다투입·서비스·누락 점검",IF(F49<-기본설정!$C$13,"확인: 매입 누락·재고 과다계상 의심","적정 범위"))) -> 메뉴원가표에 판매수량 입력 필요
B50: ※ 이론원가는 전 지점 합산 판매수량 기준입니다. 지점별로 보려면 해당 지점 판매수량을 메뉴원가표에 입력하세요.
B52: 6. 참고: 의제매입세액 공제 예상 (부가세 신고용)
B53: 당월 면세 식재료 매입액 | C53: =IF(기본설정!$C$6="전체",SUMIFS(매입장!$I$4:$I$1503,매입장!$J$4:$J$1503,"면세",매입장!$P$4:$P$1503,"식재료",매입장!$A$4:$A$1503,">="&$L$2,매입장!$A$4:$A$1503,"<"&$L$3),SUMIFS(매입장!$I$4:$I$1503,매입장!$J$4:$J$1503,"면세",매입장!$P$4:$P$1503,"식재료",매입장!$A$4:$A$1503,">="&$L$2,매입장!$A$4:$A$1503,"<"&$L$3,매입장!$B$4:$B$1503,기본설정!$C$6)) -> 415000
B54: 공제율 | C54: =기본설정!$C$12 -> 0.082568807
B55: 공제 예상액 | C55: =ROUND(C53*C54,0) -> 34266
B56: ※ 계산서·신용카드·현금영수증 등 적격증빙이 있는 면세 농축수산물만 공제됩니다. 과세표준 대비 한도가 있으니 신고 시 세무사와 확인하세요.
B58: 7. 입력 점검
B59: 조회월 기말재고 입력 | C59: =IF(SUMPRODUCT(--(INDEX(재고실사!$G$4:$R$403,0,기본설정!$C$5)<>""))=0,"미입력 → 기말재고 0으로 계산되어 원가가 과대 표시됩니다","입력됨") -> 미입력 → 기말재고 0으로 계산되어 원가가 과대 표시됩니다
B60: 매입장 분류 누락 건수 | C60: =COUNTIFS(매입장!$D$4:$D$1503,"<>",매입장!$E$4:$E$1503,"")&" 건" -> 0 건
B61: 매입장 지점 누락 건수 | C61: =COUNTIFS(매입장!$A$4:$A$1503,"<>",매입장!$B$4:$B$1503,"")&" 건" -> 0 건
B62: 레시피 미입력 메뉴 수 | C62: =COUNTIF(메뉴원가표!$K$6:$K$65,"레시피 미입력")&" 개" -> 0 개
B63: 원가율 '위험' 메뉴 수 | C63: =COUNTIF(메뉴원가표!$K$6:$K$65,"위험")&" 개" -> 13 개

Sheet 연간요약
A1: 연간 요약 (월별 원가율 추이)
A2: 기본설정의 연도·조회지점 기준. 재고실사를 하지 않은 달은 원가가 부정확하니 [재고실사] 열을 확인하세요.
A4: 월 | B4: 총매출 (VAT포함) | C4: 음식매출 (공급가) | D4: 주류매출 (공급가) | E4: 매출 합계 (공급가) | F4: 식재료 매입 | G4: 식재료 원가 | H4: 식재료 원가율 | I4: 주류·음료 매입 | J4: 주류·음료 원가 | K4: 주류 원가율 | L4: 소모품 원가 | M4: 총 매출원가 | N4: 총 원가율 | O4: 매출 총이익 | P4: 총이익률 | Q4: 객수 | R4: 객단가 | S4: 재고실사
A5: 1 | B5: =IF(기본설정!$C$6="전체",SUMIFS(매출일보!$G$4:$G$403,매출일보!$A$4:$A$403,">="&DATE(기본설정!$C$4,$A5,1),매출일보!$A$4:$A$403,"<"&DATE(기본설정!$C$4,$A5+1,1)),SUMIFS(매출일보!$G$4:$G$403,매출일보!$A$4:$A$403,">="&DATE(기본설정!$C$4,$A5,1),매출일보!$A$4:$A$403,"<"&DATE(기본설정!$C$4,$A5+1,1),매출일보!$B$4:$B$403,기본설정!$C$6)) -> 0 | C5: =IF(기본설정!$C$6="전체",SUMIFS(매출일보!$I$4:$I$403,매출일보!$A$4:$A$403,">="&DATE(기본설정!$C$4,$A5,1),매출일보!$A$4:$A$403,"<"&DATE(기본설정!$C$4,$A5+1,1)),SUMIFS(매출일보!$I$4:$I$403,매출일보!$A$4:$A$403,">="&DATE(기본설정!$C$4,$A5,1),매출일보!$A$4:$A$403,"<"&DATE(기본설정!$C$4,$A5+1,1),매출일보!$B$4:$B$403,기본설정!$C$6))/1.1 -> 0 | D5: =IF(기본설정!$C$6="전체",SUMIFS(매출일보!$H$4:$H$403,매출일보!$A$4:$A$403,">="&DATE(기본설정!$C$4,$A5,1),매출일보!$A$4:$A$403,"<"&DATE(기본설정!$C$4,$A5+1,1)),SUMIFS(매출일보!$H$4:$H$403,매출일보!$A$4:$A$403,">="&DATE(기본설정!$C$4,$A5,1),매출일보!$A$4:$A$403,"<"&DATE(기본설정!$C$4,$A5+1,1),매출일보!$B$4:$B$403,기본설정!$C$6))/1.1 -> 0 | E5: =C5+D5 -> 0 | F5: =IF(기본설정!$C$6="전체",SUMIFS(매입장!$I$4:$I$1503,매입장!$P$4:$P$1503,"식재료",매입장!$A$4:$A$1503,">="&DATE(기본설정!$C$4,$A5,1),매입장!$A$4:$A$1503,"<"&DATE(기본설정!$C$4,$A5+1,1)),SUMIFS(매입장!$I$4:$I$1503,매입장!$P$4:$P$1503,"식재료",매입장!$A$4:$A$1503,">="&DATE(기본설정!$C$4,$A5,1),매입장!$A$4:$A$1503,"<"&DATE(기본설정!$C$4,$A5+1,1),매입장!$B$4:$B$1503,기본설정!$C$6)) -> 0 | G5: =IF(기본설정!$C$6="전체",SUMPRODUCT((재고실사!$W$4:$W$403="식재료")*재고실사!$E$4:$E$403*INDEX(재고실사!$F$4:$R$403,0,$A5+0)),SUMPRODUCT((재고실사!$W$4:$W$403="식재료")*(재고실사!$A$4:$A$403=기본설정!$C$6)*재고실사!$E$4:$E$403*INDEX(재고실사!$F$4:$R$403,0,$A5+0)))+IF(기본설정!$C$6="전체",SUMIFS(매입장!$I$4:$I$1503,매입장!$P$4:$P$1503,"식재료",매입장!$A$4:$A$1503,">="&DATE(기본설정!$C$4,$A5,1),매입장!$A$4:$A$1503,"<"&DATE(기본설정!$C$4,$A5+1,1)),SUMIFS(매입장!$I$4:$I$1503,매입장!$P$4:$P$1503,"식재료",매입장!$A$4:$A$1503,">="&DATE(기본설정!$C$4,$A5,1),매입장!$A$4:$A$1503,"<"&DATE(기본설정!$C$4,$A5+1,1),매입장!$B$4:$B$1503,기본설정!$C$6))-IF(기본설정!$C$6="전체",SUMPRODUCT((재고실사!$W$4:$W$403="식재료")*재고실사!$E$4:$E$403*INDEX(재고실사!$F$4:$R$403,0,$A5+1)),SUMPRODUCT((재고실사!$W$4:$W$403="식재료")*(재고실사!$A$4:$A$403=기본설정!$C$6)*재고실사!$E$4:$E$403*INDEX(재고실사!$F$4:$R$403,0,$A5+1))) -> 0 | H5: =IFERROR(G5/C5,0) -> 0 | I5: =IF(기본설정!$C$6="전체",SUMIFS(매입장!$I$4:$I$1503,매입장!$P$4:$P$1503,"주류·음료",매입장!$A$4:$A$1503,">="&DATE(기본설정!$C$4,$A5,1),매입장!$A$4:$A$1503,"<"&DATE(기본설정!$C$4,$A5+1,1)),SUMIFS(매입장!$I$4:$I$1503,매입장!$P$4:$P$1503,"주류·음료",매입장!$A$4:$A$1503,">="&DATE(기본설정!$C$4,$A5,1),매입장!$A$4:$A$1503,"<"&DATE(기본설정!$C$4,$A5+1,1),매입장!$B$4:$B$1503,기본설정!$C$6)) -> 0 | J5: =IF(기본설정!$C$6="전체",SUMPRODUCT((재고실사!$W$4:$W$403="주류·음료")*재고실사!$E$4:$E$403*INDEX(재고실사!$F$4:$R$403,0,$A5+0)),SUMPRODUCT((재고실사!$W$4:$W$403="주류·음료")*(재고실사!$A$4:$A$403=기본설정!$C$6)*재고실사!$E$4:$E$403*INDEX(재고실사!$F$4:$R$403,0,$A5+0)))+IF(기본설정!$C$6="전체",SUMIFS(매입장!$I$4:$I$1503,매입장!$P$4:$P$1503,"주류·음료",매입장!$A$4:$A$1503,">="&DATE(기본설정!$C$4,$A5,1),매입장!$A$4:$A$1503,"<"&DATE(기본설정!$C$4,$A5+1,1)),SUMIFS(매입장!$I$4:$I$1503,매입장!$P$4:$P$1503,"주류·음료",매입장!$A$4:$A$1503,">="&DATE(기본설정!$C$4,$A5,1),매입장!$A$4:$A$1503,"<"&DATE(기본설정!$C$4,$A5+1,1),매입장!$B$4:$B$1503,기본설정!$C$6))-IF(기본설정!$C$6="전체",SUMPRODUCT((재고실사!$W$4:$W$403="주류·음료")*재고실사!$E$4:$E$403*INDEX(재고실사!$F$4:$R$403,0,$A5+1)),SUMPRODUCT((재고실사!$W$4:$W$403="주류·음료")*(재고실사!$A$4:$A$403=기본설정!$C$6)*재고실사!$E$4:$E$403*INDEX(재고실사!$F$4:$R$403,0,$A5+1))) -> 0 | K5: =IFERROR(J5/D5,0) -> 0 | L5: =IF(기본설정!$C$6="전체",SUMPRODUCT((재고실사!$W$4:$W$403="소모품")*재고실사!$E$4:$E$403*INDEX(재고실사!$F$4:$R$403,0,$A5+0)),SUMPRODUCT((재고실사!$W$4:$W$403="소모품")*(재고실사!$A$4:$A$403=기본설정!$C$6)*재고실사!$E$4:$E$403*INDEX(재고실사!$F$4:$R$403,0,$A5+0)))+IF(기본설정!$C$6="전체",SUMIFS(매입장!$I$4:$I$1503,매입장!$P$4:$P$1503,"소모품",매입장!$A$4:$A$1503,">="&DATE(기본설정!$C$4,$A5,1),매입장!$A$4:$A$1503,"<"&DATE(기본설정!$C$4,$A5+1,1)),SUMIFS(매입장!$I$4:$I$1503,매입장!$P$4:$P$1503,"소모품",매입장!$A$4:$A$1503,">="&DATE(기본설정!$C$4,$A5,1),매입장!$A$4:$A$1503,"<"&DATE(기본설정!$C$4,$A5+1,1),매입장!$B$4:$B$1503,기본설정!$C$6))-IF(기본설정!$C$6="전체",SUMPRODUCT((재고실사!$W$4:$W$403="소모품")*재고실사!$E$4:$E$403*INDEX(재고실사!$F$4:$R$403,0,$A5+1)),SUMPRODUCT((재고실사!$W$4:$W$403="소모품")*(재고실사!$A$4:$A$403=기본설정!$C$6)*재고실사!$E$4:$E$403*INDEX(재고실사!$F$4:$R$403,0,$A5+1))) -> 0 | M5: =G5+J5+L5 -> 0 | N5: =IFERROR(M5/E5,0) -> 0 | O5: =E5-M5 -> 0 | P5: =IFERROR(O5/E5,0) -> 0 | Q5: =IF(기본설정!$C$6="전체",SUMIFS(매출일보!$J$4:$J$403,매출일보!$A$4:$A$403,">="&DATE(기본설정!$C$4,$A5,1),매출일보!$A$4:$A$403,"<"&DATE(기본설정!$C$4,$A5+1,1)),SUMIFS(매출일보!$J$4:$J$403,매출일보!$A$4:$A$403,">="&DATE(기본설정!$C$4,$A5,1),매출일보!$A$4:$A$403,"<"&DATE(기본설정!$C$4,$A5+1,1),매출일보!$B$4:$B$403,기본설정!$C$6)) -> 0 | R5: =IFERROR(B5/Q5,0) -> 0 | S5: =IF(SUMPRODUCT(--(INDEX(재고실사!$F$4:$R$403,0,$A5+1)<>""))>0,"입력","미입력") -> 미입력
A6: 2 | B6: =IF(기본설정!$C$6="전체",SUMIFS(매출일보!$G$4:$G$403,매출일보!$A$4:$A$403,">="&DATE(기본설정!$C$4,$A6,1),매출일보!$A$4:$A$403,"<"&DATE(기본설정!$C$4,$A6+1,1)),SUMIFS(매출일보!$G$4:$G$403,매출일보!$A$4:$A$403,">="&DATE(기본설정!$C$4,$A6,1),매출일보!$A$4:$A$403,"<"&DATE(기본설정!$C$4,$A6+1,1),매출일보!$B$4:$B$403,기본설정!$C$6)) -> 0 | C6: =IF(기본설정!$C$6="전체",SUMIFS(매출일보!$I$4:$I$403,매출일보!$A$4:$A$403,">="&DATE(기본설정!$C$4,$A6,1),매출일보!$A$4:$A$403,"<"&DATE(기본설정!$C$4,$A6+1,1)),SUMIFS(매출일보!$I$4:$I$403,매출일보!$A$4:$A$403,">="&DATE(기본설정!$C$4,$A6,1),매출일보!$A$4:$A$403,"<"&DATE(기본설정!$C$4,$A6+1,1),매출일보!$B$4:$B$403,기본설정!$C$6))/1.1 -> 0 | D6: =IF(기본설정!$C$6="전체",SUMIFS(매출일보!$H$4:$H$403,매출일보!$A$4:$A$403,">="&DATE(기본설정!$C$4,$A6,1),매출일보!$A$4:$A$403,"<"&DATE(기본설정!$C$4,$A6+1,1)),SUMIFS(매출일보!$H$4:$H$403,매출일보!$A$4:$A$403,">="&DATE(기본설정!$C$4,$A6,1),매출일보!$A$4:$A$403,"<"&DATE(기본설정!$C$4,$A6+1,1),매출일보!$B$4:$B$403,기본설정!$C$6))/1.1 -> 0 | E6: =C6+D6 -> 0 | F6: =IF(기본설정!$C$6="전체",SUMIFS(매입장!$I$4:$I$1503,매입장!$P$4:$P$1503,"식재료",매입장!$A$4:$A$1503,">="&DATE(기본설정!$C$4,$A6,1),매입장!$A$4:$A$1503,"<"&DATE(기본설정!$C$4,$A6+1,1)),SUMIFS(매입장!$I$4:$I$1503,매입장!$P$4:$P$1503,"식재료",매입장!$A$4:$A$1503,">="&DATE(기본설정!$C$4,$A6,1),매입장!$A$4:$A$1503,"<"&DATE(기본설정!$C$4,$A6+1,1),매입장!$B$4:$B$1503,기본설정!$C$6)) -> 0 | G6: =IF(기본설정!$C$6="전체",SUMPRODUCT((재고실사!$W$4:$W$403="식재료")*재고실사!$E$4:$E$403*INDEX(재고실사!$F$4:$R$403,0,$A6+0)),SUMPRODUCT((재고실사!$W$4:$W$403="식재료")*(재고실사!$A$4:$A$403=기본설정!$C$6)*재고실사!$E$4:$E$403*INDEX(재고실사!$F$4:$R$403,0,$A6+0)))+IF(기본설정!$C$6="전체",SUMIFS(매입장!$I$4:$I$1503,매입장!$P$4:$P$1503,"식재료",매입장!$A$4:$A$1503,">="&DATE(기본설정!$C$4,$A6,1),매입장!$A$4:$A$1503,"<"&DATE(기본설정!$C$4,$A6+1,1)),SUMIFS(매입장!$I$4:$I$1503,매입장!$P$4:$P$1503,"식재료",매입장!$A$4:$A$1503,">="&DATE(기본설정!$C$4,$A6,1),매입장!$A$4:$A$1503,"<"&DATE(기본설정!$C$4,$A6+1,1),매입장!$B$4:$B$1503,기본설정!$C$6))-IF(기본설정!$C$6="전체",SUMPRODUCT((재고실사!$W$4:$W$403="식재료")*재고실사!$E$4:$E$403*INDEX(재고실사!$F$4:$R$403,0,$A6+1)),SUMPRODUCT((재고실사!$W$4:$W$403="식재료")*(재고실사!$A$4:$A$403=기본설정!$C$6)*재고실사!$E$4:$E$403*INDEX(재고실사!$F$4:$R$403,0,$A6+1))) -> 0 | H6: =IFERROR(G6/C6,0) -> 0 | I6: =IF(기본설정!$C$6="전체",SUMIFS(매입장!$I$4:$I$1503,매입장!$P$4:$P$1503,"주류·음료",매입장!$A$4:$A$1503,">="&DATE(기본설정!$C$4,$A6,1),매입장!$A$4:$A$1503,"<"&DATE(기본설정!$C$4,$A6+1,1)),SUMIFS(매입장!$I$4:$I$1503,매입장!$P$4:$P$1503,"주류·음료",매입장!$A$4:$A$1503,">="&DATE(기본설정!$C$4,$A6,1),매입장!$A$4:$A$1503,"<"&DATE(기본설정!$C$4,$A6+1,1),매입장!$B$4:$B$1503,기본설정!$C$6)) -> 0 | J6: =IF(기본설정!$C$6="전체",SUMPRODUCT((재고실사!$W$4:$W$403="주류·음료")*재고실사!$E$4:$E$403*INDEX(재고실사!$F$4:$R$403,0,$A6+0)),SUMPRODUCT((재고실사!$W$4:$W$403="주류·음료")*(재고실사!$A$4:$A$403=기본설정!$C$6)*재고실사!$E$4:$E$403*INDEX(재고실사!$F$4:$R$403,0,$A6+0)))+IF(기본설정!$C$6="전체",SUMIFS(매입장!$I$4:$I$1503,매입장!$P$4:$P$1503,"주류·음료",매입장!$A$4:$A$1503,">="&DATE(기본설정!$C$4,$A6,1),매입장!$A$4:$A$1503,"<"&DATE(기본설정!$C$4,$A6+1,1)),SUMIFS(매입장!$I$4:$I$1503,매입장!$P$4:$P$1503,"주류·음료",매입장!$A$4:$A$1503,">="&DATE(기본설정!$C$4,$A6,1),매입장!$A$4:$A$1503,"<"&DATE(기본설정!$C$4,$A6+1,1),매입장!$B$4:$B$1503,기본설정!$C$6))-IF(기본설정!$C$6="전체",SUMPRODUCT((재고실사!$W$4:$W$403="주류·음료")*재고실사!$E$4:$E$403*INDEX(재고실사!$F$4:$R$403,0,$A6+1)),SUMPRODUCT((재고실사!$W$4:$W$403="주류·음료")*(재고실사!$A$4:$A$403=기본설정!$C$6)*재고실사!$E$4:$E$403*INDEX(재고실사!$F$4:$R$403,0,$A6+1))) -> 0 | K6: =IFERROR(J6/D6,0) -> 0 | L6: =IF(기본설정!$C$6="전체",SUMPRODUCT((재고실사!$W$4:$W$403="소모품")*재고실사!$E$4:$E$403*INDEX(재고실사!$F$4:$R$403,0,$A6+0)),SUMPRODUCT((재고실사!$W$4:$W$403="소모품")*(재고실사!$A$4:$A$403=기본설정!$C$6)*재고실사!$E$4:$E$403*INDEX(재고실사!$F$4:$R$403,0,$A6+0)))+IF(기본설정!$C$6="전체",SUMIFS(매입장!$I$4:$I$1503,매입장!$P$4:$P$1503,"소모품",매입장!$A$4:$A$1503,">="&DATE(기본설정!$C$4,$A6,1),매입장!$A$4:$A$1503,"<"&DATE(기본설정!$C$4,$A6+1,1)),SUMIFS(매입장!$I$4:$I$1503,매입장!$P$4:$P$1503,"소모품",매입장!$A$4:$A$1503,">="&DATE(기본설정!$C$4,$A6,1),매입장!$A$4:$A$1503,"<"&DATE(기본설정!$C$4,$A6+1,1),매입장!$B$4:$B$1503,기본설정!$C$6))-IF(기본설정!$C$6="전체",SUMPRODUCT((재고실사!$W$4:$W$403="소모품")*재고실사!$E$4:$E$403*INDEX(재고실사!$F$4:$R$403,0,$A6+1)),SUMPRODUCT((재고실사!$W$4:$W$403="소모품")*(재고실사!$A$4:$A$403=기본설정!$C$6)*재고실사!$E$4:$E$403*INDEX(재고실사!$F$4:$R$403,0,$A6+1))) -> 0 | M6: =G6+J6+L6 -> 0 | N6: =IFERROR(M6/E6,0) -> 0 | O6: =E6-M6 -> 0 | P6: =IFERROR(O6/E6,0) -> 0 | Q6: =IF(기본설정!$C$6="전체",SUMIFS(매출일보!$J$4:$J$403,매출일보!$A$4:$A$403,">="&DATE(기본설정!$C$4,$A6,1),매출일보!$A$4:$A$403,"<"&DATE(기본설정!$C$4,$A6+1,1)),SUMIFS(매출일보!$J$4:$J$403,매출일보!$A$4:$A$403,">="&DATE(기본설정!$C$4,$A6,1),매출일보!$A$4:$A$403,"<"&DATE(기본설정!$C$4,$A6+1,1),매출일보!$B$4:$B$403,기본설정!$C$6)) -> 0 | R6: =IFERROR(B6/Q6,0) -> 0 | S6: =IF(SUMPRODUCT(--(INDEX(재고실사!$F$4:$R$403,0,$A6+1)<>""))>0,"입력","미입력") -> 미입력
A7: 3 | B7: =IF(기본설정!$C$6="전체",SUMIFS(매출일보!$G$4:$G$403,매출일보!$A$4:$A$403,">="&DATE(기본설정!$C$4,$A7,1),매출일보!$A$4:$A$403,"<"&DATE(기본설정!$C$4,$A7+1,1)),SUMIFS(매출일보!$G$4:$G$403,매출일보!$A$4:$A$403,">="&DATE(기본설정!$C$4,$A7,1),매출일보!$A$4:$A$403,"<"&DATE(기본설정!$C$4,$A7+1,1),매출일보!$B$4:$B$403,기본설정!$C$6)) -> 0 | C7: =IF(기본설정!$C$6="전체",SUMIFS(매출일보!$I$4:$I$403,매출일보!$A$4:$A$403,">="&DATE(기본설정!$C$4,$A7,1),매출일보!$A$4:$A$403,"<"&DATE(기본설정!$C$4,$A7+1,1)),SUMIFS(매출일보!$I$4:$I$403,매출일보!$A$4:$A$403,">="&DATE(기본설정!$C$4,$A7,1),매출일보!$A$4:$A$403,"<"&DATE(기본설정!$C$4,$A7+1,1),매출일보!$B$4:$B$403,기본설정!$C$6))/1.1 -> 0 | D7: =IF(기본설정!$C$6="전체",SUMIFS(매출일보!$H$4:$H$403,매출일보!$A$4:$A$403,">="&DATE(기본설정!$C$4,$A7,1),매출일보!$A$4:$A$403,"<"&DATE(기본설정!$C$4,$A7+1,1)),SUMIFS(매출일보!$H$4:$H$403,매출일보!$A$4:$A$403,">="&DATE(기본설정!$C$4,$A7,1),매출일보!$A$4:$A$403,"<"&DATE(기본설정!$C$4,$A7+1,1),매출일보!$B$4:$B$403,기본설정!$C$6))/1.1 -> 0 | E7: =C7+D7 -> 0 | F7: =IF(기본설정!$C$6="전체",SUMIFS(매입장!$I$4:$I$1503,매입장!$P$4:$P$1503,"식재료",매입장!$A$4:$A$1503,">="&DATE(기본설정!$C$4,$A7,1),매입장!$A$4:$A$1503,"<"&DATE(기본설정!$C$4,$A7+1,1)),SUMIFS(매입장!$I$4:$I$1503,매입장!$P$4:$P$1503,"식재료",매입장!$A$4:$A$1503,">="&DATE(기본설정!$C$4,$A7,1),매입장!$A$4:$A$1503,"<"&DATE(기본설정!$C$4,$A7+1,1),매입장!$B$4:$B$1503,기본설정!$C$6)) -> 0 | G7: =IF(기본설정!$C$6="전체",SUMPRODUCT((재고실사!$W$4:$W$403="식재료")*재고실사!$E$4:$E$403*INDEX(재고실사!$F$4:$R$403,0,$A7+0)),SUMPRODUCT((재고실사!$W$4:$W$403="식재료")*(재고실사!$A$4:$A$403=기본설정!$C$6)*재고실사!$E$4:$E$403*INDEX(재고실사!$F$4:$R$403,0,$A7+0)))+IF(기본설정!$C$6="전체",SUMIFS(매입장!$I$4:$I$1503,매입장!$P$4:$P$1503,"식재료",매입장!$A$4:$A$1503,">="&DATE(기본설정!$C$4,$A7,1),매입장!$A$4:$A$1503,"<"&DATE(기본설정!$C$4,$A7+1,1)),SUMIFS(매입장!$I$4:$I$1503,매입장!$P$4:$P$1503,"식재료",매입장!$A$4:$A$1503,">="&DATE(기본설정!$C$4,$A7,1),매입장!$A$4:$A$1503,"<"&DATE(기본설정!$C$4,$A7+1,1),매입장!$B$4:$B$1503,기본설정!$C$6))-IF(기본설정!$C$6="전체",SUMPRODUCT((재고실사!$W$4:$W$403="식재료")*재고실사!$E$4:$E$403*INDEX(재고실사!$F$4:$R$403,0,$A7+1)),SUMPRODUCT((재고실사!$W$4:$W$403="식재료")*(재고실사!$A$4:$A$403=기본설정!$C$6)*재고실사!$E$4:$E$403*INDEX(재고실사!$F$4:$R$403,0,$A7+1))) -> 0 | H7: =IFERROR(G7/C7,0) -> 0 | I7: =IF(기본설정!$C$6="전체",SUMIFS(매입장!$I$4:$I$1503,매입장!$P$4:$P$1503,"주류·음료",매입장!$A$4:$A$1503,">="&DATE(기본설정!$C$4,$A7,1),매입장!$A$4:$A$1503,"<"&DATE(기본설정!$C$4,$A7+1,1)),SUMIFS(매입장!$I$4:$I$1503,매입장!$P$4:$P$1503,"주류·음료",매입장!$A$4:$A$1503,">="&DATE(기본설정!$C$4,$A7,1),매입장!$A$4:$A$1503,"<"&DATE(기본설정!$C$4,$A7+1,1),매입장!$B$4:$B$1503,기본설정!$C$6)) -> 0 | J7: =IF(기본설정!$C$6="전체",SUMPRODUCT((재고실사!$W$4:$W$403="주류·음료")*재고실사!$E$4:$E$403*INDEX(재고실사!$F$4:$R$403,0,$A7+0)),SUMPRODUCT((재고실사!$W$4:$W$403="주류·음료")*(재고실사!$A$4:$A$403=기본설정!$C$6)*재고실사!$E$4:$E$403*INDEX(재고실사!$F$4:$R$403,0,$A7+0)))+IF(기본설정!$C$6="전체",SUMIFS(매입장!$I$4:$I$1503,매입장!$P$4:$P$1503,"주류·음료",매입장!$A$4:$A$1503,">="&DATE(기본설정!$C$4,$A7,1),매입장!$A$4:$A$1503,"<"&DATE(기본설정!$C$4,$A7+1,1)),SUMIFS(매입장!$I$4:$I$1503,매입장!$P$4:$P$1503,"주류·음료",매입장!$A$4:$A$1503,">="&DATE(기본설정!$C$4,$A7,1),매입장!$A$4:$A$1503,"<"&DATE(기본설정!$C$4,$A7+1,1),매입장!$B$4:$B$1503,기본설정!$C$6))-IF(기본설정!$C$6="전체",SUMPRODUCT((재고실사!$W$4:$W$403="주류·음료")*재고실사!$E$4:$E$403*INDEX(재고실사!$F$4:$R$403,0,$A7+1)),SUMPRODUCT((재고실사!$W$4:$W$403="주류·음료")*(재고실사!$A$4:$A$403=기본설정!$C$6)*재고실사!$E$4:$E$403*INDEX(재고실사!$F$4:$R$403,0,$A7+1))) -> 0 | K7: =IFERROR(J7/D7,0) -> 0 | L7: =IF(기본설정!$C$6="전체",SUMPRODUCT((재고실사!$W$4:$W$403="소모품")*재고실사!$E$4:$E$403*INDEX(재고실사!$F$4:$R$403,0,$A7+0)),SUMPRODUCT((재고실사!$W$4:$W$403="소모품")*(재고실사!$A$4:$A$403=기본설정!$C$6)*재고실사!$E$4:$E$403*INDEX(재고실사!$F$4:$R$403,0,$A7+0)))+IF(기본설정!$C$6="전체",SUMIFS(매입장!$I$4:$I$1503,매입장!$P$4:$P$1503,"소모품",매입장!$A$4:$A$1503,">="&DATE(기본설정!$C$4,$A7,1),매입장!$A$4:$A$1503,"<"&DATE(기본설정!$C$4,$A7+1,1)),SUMIFS(매입장!$I$4:$I$1503,매입장!$P$4:$P$1503,"소모품",매입장!$A$4:$A$1503,">="&DATE(기본설정!$C$4,$A7,1),매입장!$A$4:$A$1503,"<"&DATE(기본설정!$C$4,$A7+1,1),매입장!$B$4:$B$1503,기본설정!$C$6))-IF(기본설정!$C$6="전체",SUMPRODUCT((재고실사!$W$4:$W$403="소모품")*재고실사!$E$4:$E$403*INDEX(재고실사!$F$4:$R$403,0,$A7+1)),SUMPRODUCT((재고실사!$W$4:$W$403="소모품")*(재고실사!$A$4:$A$403=기본설정!$C$6)*재고실사!$E$4:$E$403*INDEX(재고실사!$F$4:$R$403,0,$A7+1))) -> 0 | M7: =G7+J7+L7 -> 0 | N7: =IFERROR(M7/E7,0) -> 0 | O7: =E7-M7 -> 0 | P7: =IFERROR(O7/E7,0) -> 0 | Q7: =IF(기본설정!$C$6="전체",SUMIFS(매출일보!$J$4:$J$403,매출일보!$A$4:$A$403,">="&DATE(기본설정!$C$4,$A7,1),매출일보!$A$4:$A$403,"<"&DATE(기본설정!$C$4,$A7+1,1)),SUMIFS(매출일보!$J$4:$J$403,매출일보!$A$4:$A$403,">="&DATE(기본설정!$C$4,$A7,1),매출일보!$A$4:$A$403,"<"&DATE(기본설정!$C$4,$A7+1,1),매출일보!$B$4:$B$403,기본설정!$C$6)) -> 0 | R7: =IFERROR(B7/Q7,0) -> 0 | S7: =IF(SUMPRODUCT(--(INDEX(재고실사!$F$4:$R$403,0,$A7+1)<>""))>0,"입력","미입력") -> 미입력
A8: 4 | B8: =IF(기본설정!$C$6="전체",SUMIFS(매출일보!$G$4:$G$403,매출일보!$A$4:$A$403,">="&DATE(기본설정!$C$4,$A8,1),매출일보!$A$4:$A$403,"<"&DATE(기본설정!$C$4,$A8+1,1)),SUMIFS(매출일보!$G$4:$G$403,매출일보!$A$4:$A$403,">="&DATE(기본설정!$C$4,$A8,1),매출일보!$A$4:$A$403,"<"&DATE(기본설정!$C$4,$A8+1,1),매출일보!$B$4:$B$403,기본설정!$C$6)) -> 0 | C8: =IF(기본설정!$C$6="전체",SUMIFS(매출일보!$I$4:$I$403,매출일보!$A$4:$A$403,">="&DATE(기본설정!$C$4,$A8,1),매출일보!$A$4:$A$403,"<"&DATE(기본설정!$C$4,$A8+1,1)),SUMIFS(매출일보!$I$4:$I$403,매출일보!$A$4:$A$403,">="&DATE(기본설정!$C$4,$A8,1),매출일보!$A$4:$A$403,"<"&DATE(기본설정!$C$4,$A8+1,1),매출일보!$B$4:$B$403,기본설정!$C$6))/1.1 -> 0 | D8: =IF(기본설정!$C$6="전체",SUMIFS(매출일보!$H$4:$H$403,매출일보!$A$4:$A$403,">="&DATE(기본설정!$C$4,$A8,1),매출일보!$A$4:$A$403,"<"&DATE(기본설정!$C$4,$A8+1,1)),SUMIFS(매출일보!$H$4:$H$403,매출일보!$A$4:$A$403,">="&DATE(기본설정!$C$4,$A8,1),매출일보!$A$4:$A$403,"<"&DATE(기본설정!$C$4,$A8+1,1),매출일보!$B$4:$B$403,기본설정!$C$6))/1.1 -> 0 | E8: =C8+D8 -> 0 | F8: =IF(기본설정!$C$6="전체",SUMIFS(매입장!$I$4:$I$1503,매입장!$P$4:$P$1503,"식재료",매입장!$A$4:$A$1503,">="&DATE(기본설정!$C$4,$A8,1),매입장!$A$4:$A$1503,"<"&DATE(기본설정!$C$4,$A8+1,1)),SUMIFS(매입장!$I$4:$I$1503,매입장!$P$4:$P$1503,"식재료",매입장!$A$4:$A$1503,">="&DATE(기본설정!$C$4,$A8,1),매입장!$A$4:$A$1503,"<"&DATE(기본설정!$C$4,$A8+1,1),매입장!$B$4:$B$1503,기본설정!$C$6)) -> 0 | G8: =IF(기본설정!$C$6="전체",SUMPRODUCT((재고실사!$W$4:$W$403="식재료")*재고실사!$E$4:$E$403*INDEX(재고실사!$F$4:$R$403,0,$A8+0)),SUMPRODUCT((재고실사!$W$4:$W$403="식재료")*(재고실사!$A$4:$A$403=기본설정!$C$6)*재고실사!$E$4:$E$403*INDEX(재고실사!$F$4:$R$403,0,$A8+0)))+IF(기본설정!$C$6="전체",SUMIFS(매입장!$I$4:$I$1503,매입장!$P$4:$P$1503,"식재료",매입장!$A$4:$A$1503,">="&DATE(기본설정!$C$4,$A8,1),매입장!$A$4:$A$1503,"<"&DATE(기본설정!$C$4,$A8+1,1)),SUMIFS(매입장!$I$4:$I$1503,매입장!$P$4:$P$1503,"식재료",매입장!$A$4:$A$1503,">="&DATE(기본설정!$C$4,$A8,1),매입장!$A$4:$A$1503,"<"&DATE(기본설정!$C$4,$A8+1,1),매입장!$B$4:$B$1503,기본설정!$C$6))-IF(기본설정!$C$6="전체",SUMPRODUCT((재고실사!$W$4:$W$403="식재료")*재고실사!$E$4:$E$403*INDEX(재고실사!$F$4:$R$403,0,$A8+1)),SUMPRODUCT((재고실사!$W$4:$W$403="식재료")*(재고실사!$A$4:$A$403=기본설정!$C$6)*재고실사!$E$4:$E$403*INDEX(재고실사!$F$4:$R$403,0,$A8+1))) -> 0 | H8: =IFERROR(G8/C8,0) -> 0 | I8: =IF(기본설정!$C$6="전체",SUMIFS(매입장!$I$4:$I$1503,매입장!$P$4:$P$1503,"주류·음료",매입장!$A$4:$A$1503,">="&DATE(기본설정!$C$4,$A8,1),매입장!$A$4:$A$1503,"<"&DATE(기본설정!$C$4,$A8+1,1)),SUMIFS(매입장!$I$4:$I$1503,매입장!$P$4:$P$1503,"주류·음료",매입장!$A$4:$A$1503,">="&DATE(기본설정!$C$4,$A8,1),매입장!$A$4:$A$1503,"<"&DATE(기본설정!$C$4,$A8+1,1),매입장!$B$4:$B$1503,기본설정!$C$6)) -> 0 | J8: =IF(기본설정!$C$6="전체",SUMPRODUCT((재고실사!$W$4:$W$403="주류·음료")*재고실사!$E$4:$E$403*INDEX(재고실사!$F$4:$R$403,0,$A8+0)),SUMPRODUCT((재고실사!$W$4:$W$403="주류·음료")*(재고실사!$A$4:$A$403=기본설정!$C$6)*재고실사!$E$4:$E$403*INDEX(재고실사!$F$4:$R$403,0,$A8+0)))+IF(기본설정!$C$6="전체",SUMIFS(매입장!$I$4:$I$1503,매입장!$P$4:$P$1503,"주류·음료",매입장!$A$4:$A$1503,">="&DATE(기본설정!$C$4,$A8,1),매입장!$A$4:$A$1503,"<"&DATE(기본설정!$C$4,$A8+1,1)),SUMIFS(매입장!$I$4:$I$1503,매입장!$P$4:$P$1503,"주류·음료",매입장!$A$4:$A$1503,">="&DATE(기본설정!$C$4,$A8,1),매입장!$A$4:$A$1503,"<"&DATE(기본설정!$C$4,$A8+1,1),매입장!$B$4:$B$1503,기본설정!$C$6))-IF(기본설정!$C$6="전체",SUMPRODUCT((재고실사!$W$4:$W$403="주류·음료")*재고실사!$E$4:$E$403*INDEX(재고실사!$F$4:$R$403,0,$A8+1)),SUMPRODUCT((재고실사!$W$4:$W$403="주류·음료")*(재고실사!$A$4:$A$403=기본설정!$C$6)*재고실사!$E$4:$E$403*INDEX(재고실사!$F$4:$R$403,0,$A8+1))) -> 0 | K8: =IFERROR(J8/D8,0) -> 0 | L8: =IF(기본설정!$C$6="전체",SUMPRODUCT((재고실사!$W$4:$W$403="소모품")*재고실사!$E$4:$E$403*INDEX(재고실사!$F$4:$R$403,0,$A8+0)),SUMPRODUCT((재고실사!$W$4:$W$403="소모품")*(재고실사!$A$4:$A$403=기본설정!$C$6)*재고실사!$E$4:$E$403*INDEX(재고실사!$F$4:$R$403,0,$A8+0)))+IF(기본설정!$C$6="전체",SUMIFS(매입장!$I$4:$I$1503,매입장!$P$4:$P$1503,"소모품",매입장!$A$4:$A$1503,">="&DATE(기본설정!$C$4,$A8,1),매입장!$A$4:$A$1503,"<"&DATE(기본설정!$C$4,$A8+1,1)),SUMIFS(매입장!$I$4:$I$1503,매입장!$P$4:$P$1503,"소모품",매입장!$A$4:$A$1503,">="&DATE(기본설정!$C$4,$A8,1),매입장!$A$4:$A$1503,"<"&DATE(기본설정!$C$4,$A8+1,1),매입장!$B$4:$B$1503,기본설정!$C$6))-IF(기본설정!$C$6="전체",SUMPRODUCT((재고실사!$W$4:$W$403="소모품")*재고실사!$E$4:$E$403*INDEX(재고실사!$F$4:$R$403,0,$A8+1)),SUMPRODUCT((재고실사!$W$4:$W$403="소모품")*(재고실사!$A$4:$A$403=기본설정!$C$6)*재고실사!$E$4:$E$403*INDEX(재고실사!$F$4:$R$403,0,$A8+1))) -> 0 | M8: =G8+J8+L8 -> 0 | N8: =IFERROR(M8/E8,0) -> 0 | O8: =E8-M8 -> 0 | P8: =IFERROR(O8/E8,0) -> 0 | Q8: =IF(기본설정!$C$6="전체",SUMIFS(매출일보!$J$4:$J$403,매출일보!$A$4:$A$403,">="&DATE(기본설정!$C$4,$A8,1),매출일보!$A$4:$A$403,"<"&DATE(기본설정!$C$4,$A8+1,1)),SUMIFS(매출일보!$J$4:$J$403,매출일보!$A$4:$A$403,">="&DATE(기본설정!$C$4,$A8,1),매출일보!$A$4:$A$403,"<"&DATE(기본설정!$C$4,$A8+1,1),매출일보!$B$4:$B$403,기본설정!$C$6)) -> 0 | R8: =IFERROR(B8/Q8,0) -> 0 | S8: =IF(SUMPRODUCT(--(INDEX(재고실사!$F$4:$R$403,0,$A8+1)<>""))>0,"입력","미입력") -> 미입력
A9: 5 | B9: =IF(기본설정!$C$6="전체",SUMIFS(매출일보!$G$4:$G$403,매출일보!$A$4:$A$403,">="&DATE(기본설정!$C$4,$A9,1),매출일보!$A$4:$A$403,"<"&DATE(기본설정!$C$4,$A9+1,1)),SUMIFS(매출일보!$G$4:$G$403,매출일보!$A$4:$A$403,">="&DATE(기본설정!$C$4,$A9,1),매출일보!$A$4:$A$403,"<"&DATE(기본설정!$C$4,$A9+1,1),매출일보!$B$4:$B$403,기본설정!$C$6)) -> 0 | C9: =IF(기본설정!$C$6="전체",SUMIFS(매출일보!$I$4:$I$403,매출일보!$A$4:$A$403,">="&DATE(기본설정!$C$4,$A9,1),매출일보!$A$4:$A$403,"<"&DATE(기본설정!$C$4,$A9+1,1)),SUMIFS(매출일보!$I$4:$I$403,매출일보!$A$4:$A$403,">="&DATE(기본설정!$C$4,$A9,1),매출일보!$A$4:$A$403,"<"&DATE(기본설정!$C$4,$A9+1,1),매출일보!$B$4:$B$403,기본설정!$C$6))/1.1 -> 0 | D9: =IF(기본설정!$C$6="전체",SUMIFS(매출일보!$H$4:$H$403,매출일보!$A$4:$A$403,">="&DATE(기본설정!$C$4,$A9,1),매출일보!$A$4:$A$403,"<"&DATE(기본설정!$C$4,$A9+1,1)),SUMIFS(매출일보!$H$4:$H$403,매출일보!$A$4:$A$403,">="&DATE(기본설정!$C$4,$A9,1),매출일보!$A$4:$A$403,"<"&DATE(기본설정!$C$4,$A9+1,1),매출일보!$B$4:$B$403,기본설정!$C$6))/1.1 -> 0 | E9: =C9+D9 -> 0 | F9: =IF(기본설정!$C$6="전체",SUMIFS(매입장!$I$4:$I$1503,매입장!$P$4:$P$1503,"식재료",매입장!$A$4:$A$1503,">="&DATE(기본설정!$C$4,$A9,1),매입장!$A$4:$A$1503,"<"&DATE(기본설정!$C$4,$A9+1,1)),SUMIFS(매입장!$I$4:$I$1503,매입장!$P$4:$P$1503,"식재료",매입장!$A$4:$A$1503,">="&DATE(기본설정!$C$4,$A9,1),매입장!$A$4:$A$1503,"<"&DATE(기본설정!$C$4,$A9+1,1),매입장!$B$4:$B$1503,기본설정!$C$6)) -> 0 | G9: =IF(기본설정!$C$6="전체",SUMPRODUCT((재고실사!$W$4:$W$403="식재료")*재고실사!$E$4:$E$403*INDEX(재고실사!$F$4:$R$403,0,$A9+0)),SUMPRODUCT((재고실사!$W$4:$W$403="식재료")*(재고실사!$A$4:$A$403=기본설정!$C$6)*재고실사!$E$4:$E$403*INDEX(재고실사!$F$4:$R$403,0,$A9+0)))+IF(기본설정!$C$6="전체",SUMIFS(매입장!$I$4:$I$1503,매입장!$P$4:$P$1503,"식재료",매입장!$A$4:$A$1503,">="&DATE(기본설정!$C$4,$A9,1),매입장!$A$4:$A$1503,"<"&DATE(기본설정!$C$4,$A9+1,1)),SUMIFS(매입장!$I$4:$I$1503,매입장!$P$4:$P$1503,"식재료",매입장!$A$4:$A$1503,">="&DATE(기본설정!$C$4,$A9,1),매입장!$A$4:$A$1503,"<"&DATE(기본설정!$C$4,$A9+1,1),매입장!$B$4:$B$1503,기본설정!$C$6))-IF(기본설정!$C$6="전체",SUMPRODUCT((재고실사!$W$4:$W$403="식재료")*재고실사!$E$4:$E$403*INDEX(재고실사!$F$4:$R$403,0,$A9+1)),SUMPRODUCT((재고실사!$W$4:$W$403="식재료")*(재고실사!$A$4:$A$403=기본설정!$C$6)*재고실사!$E$4:$E$403*INDEX(재고실사!$F$4:$R$403,0,$A9+1))) -> 0 | H9: =IFERROR(G9/C9,0) -> 0 | I9: =IF(기본설정!$C$6="전체",SUMIFS(매입장!$I$4:$I$1503,매입장!$P$4:$P$1503,"주류·음료",매입장!$A$4:$A$1503,">="&DATE(기본설정!$C$4,$A9,1),매입장!$A$4:$A$1503,"<"&DATE(기본설정!$C$4,$A9+1,1)),SUMIFS(매입장!$I$4:$I$1503,매입장!$P$4:$P$1503,"주류·음료",매입장!$A$4:$A$1503,">="&DATE(기본설정!$C$4,$A9,1),매입장!$A$4:$A$1503,"<"&DATE(기본설정!$C$4,$A9+1,1),매입장!$B$4:$B$1503,기본설정!$C$6)) -> 0 | J9: =IF(기본설정!$C$6="전체",SUMPRODUCT((재고실사!$W$4:$W$403="주류·음료")*재고실사!$E$4:$E$403*INDEX(재고실사!$F$4:$R$403,0,$A9+0)),SUMPRODUCT((재고실사!$W$4:$W$403="주류·음료")*(재고실사!$A$4:$A$403=기본설정!$C$6)*재고실사!$E$4:$E$403*INDEX(재고실사!$F$4:$R$403,0,$A9+0)))+IF(기본설정!$C$6="전체",SUMIFS(매입장!$I$4:$I$1503,매입장!$P$4:$P$1503,"주류·음료",매입장!$A$4:$A$1503,">="&DATE(기본설정!$C$4,$A9,1),매입장!$A$4:$A$1503,"<"&DATE(기본설정!$C$4,$A9+1,1)),SUMIFS(매입장!$I$4:$I$1503,매입장!$P$4:$P$1503,"주류·음료",매입장!$A$4:$A$1503,">="&DATE(기본설정!$C$4,$A9,1),매입장!$A$4:$A$1503,"<"&DATE(기본설정!$C$4,$A9+1,1),매입장!$B$4:$B$1503,기본설정!$C$6))-IF(기본설정!$C$6="전체",SUMPRODUCT((재고실사!$W$4:$W$403="주류·음료")*재고실사!$E$4:$E$403*INDEX(재고실사!$F$4:$R$403,0,$A9+1)),SUMPRODUCT((재고실사!$W$4:$W$403="주류·음료")*(재고실사!$A$4:$A$403=기본설정!$C$6)*재고실사!$E$4:$E$403*INDEX(재고실사!$F$4:$R$403,0,$A9+1))) -> 0 | K9: =IFERROR(J9/D9,0) -> 0 | L9: =IF(기본설정!$C$6="전체",SUMPRODUCT((재고실사!$W$4:$W$403="소모품")*재고실사!$E$4:$E$403*INDEX(재고실사!$F$4:$R$403,0,$A9+0)),SUMPRODUCT((재고실사!$W$4:$W$403="소모품")*(재고실사!$A$4:$A$403=기본설정!$C$6)*재고실사!$E$4:$E$403*INDEX(재고실사!$F$4:$R$403,0,$A9+0)))+IF(기본설정!$C$6="전체",SUMIFS(매입장!$I$4:$I$1503,매입장!$P$4:$P$1503,"소모품",매입장!$A$4:$A$1503,">="&DATE(기본설정!$C$4,$A9,1),매입장!$A$4:$A$1503,"<"&DATE(기본설정!$C$4,$A9+1,1)),SUMIFS(매입장!$I$4:$I$1503,매입장!$P$4:$P$1503,"소모품",매입장!$A$4:$A$1503,">="&DATE(기본설정!$C$4,$A9,1),매입장!$A$4:$A$1503,"<"&DATE(기본설정!$C$4,$A9+1,1),매입장!$B$4:$B$1503,기본설정!$C$6))-IF(기본설정!$C$6="전체",SUMPRODUCT((재고실사!$W$4:$W$403="소모품")*재고실사!$E$4:$E$403*INDEX(재고실사!$F$4:$R$403,0,$A9+1)),SUMPRODUCT((재고실사!$W$4:$W$403="소모품")*(재고실사!$A$4:$A$403=기본설정!$C$6)*재고실사!$E$4:$E$403*INDEX(재고실사!$F$4:$R$403,0,$A9+1))) -> 0 | M9: =G9+J9+L9 -> 0 | N9: =IFERROR(M9/E9,0) -> 0 | O9: =E9-M9 -> 0 | P9: =IFERROR(O9/E9,0) -> 0 | Q9: =IF(기본설정!$C$6="전체",SUMIFS(매출일보!$J$4:$J$403,매출일보!$A$4:$A$403,">="&DATE(기본설정!$C$4,$A9,1),매출일보!$A$4:$A$403,"<"&DATE(기본설정!$C$4,$A9+1,1)),SUMIFS(매출일보!$J$4:$J$403,매출일보!$A$4:$A$403,">="&DATE(기본설정!$C$4,$A9,1),매출일보!$A$4:$A$403,"<"&DATE(기본설정!$C$4,$A9+1,1),매출일보!$B$4:$B$403,기본설정!$C$6)) -> 0 | R9: =IFERROR(B9/Q9,0) -> 0 | S9: =IF(SUMPRODUCT(--(INDEX(재고실사!$F$4:$R$403,0,$A9+1)<>""))>0,"입력","미입력") -> 미입력
A10: 6 | B10: =IF(기본설정!$C$6="전체",SUMIFS(매출일보!$G$4:$G$403,매출일보!$A$4:$A$403,">="&DATE(기본설정!$C$4,$A10,1),매출일보!$A$4:$A$403,"<"&DATE(기본설정!$C$4,$A10+1,1)),SUMIFS(매출일보!$G$4:$G$403,매출일보!$A$4:$A$403,">="&DATE(기본설정!$C$4,$A10,1),매출일보!$A$4:$A$403,"<"&DATE(기본설정!$C$4,$A10+1,1),매출일보!$B$4:$B$403,기본설정!$C$6)) -> 0 | C10: =IF(기본설정!$C$6="전체",SUMIFS(매출일보!$I$4:$I$403,매출일보!$A$4:$A$403,">="&DATE(기본설정!$C$4,$A10,1),매출일보!$A$4:$A$403,"<"&DATE(기본설정!$C$4,$A10+1,1)),SUMIFS(매출일보!$I$4:$I$403,매출일보!$A$4:$A$403,">="&DATE(기본설정!$C$4,$A10,1),매출일보!$A$4:$A$403,"<"&DATE(기본설정!$C$4,$A10+1,1),매출일보!$B$4:$B$403,기본설정!$C$6))/1.1 -> 0 | D10: =IF(기본설정!$C$6="전체",SUMIFS(매출일보!$H$4:$H$403,매출일보!$A$4:$A$403,">="&DATE(기본설정!$C$4,$A10,1),매출일보!$A$4:$A$403,"<"&DATE(기본설정!$C$4,$A10+1,1)),SUMIFS(매출일보!$H$4:$H$403,매출일보!$A$4:$A$403,">="&DATE(기본설정!$C$4,$A10,1),매출일보!$A$4:$A$403,"<"&DATE(기본설정!$C$4,$A10+1,1),매출일보!$B$4:$B$403,기본설정!$C$6))/1.1 -> 0 | E10: =C10+D10 -> 0 | F10: =IF(기본설정!$C$6="전체",SUMIFS(매입장!$I$4:$I$1503,매입장!$P$4:$P$1503,"식재료",매입장!$A$4:$A$1503,">="&DATE(기본설정!$C$4,$A10,1),매입장!$A$4:$A$1503,"<"&DATE(기본설정!$C$4,$A10+1,1)),SUMIFS(매입장!$I$4:$I$1503,매입장!$P$4:$P$1503,"식재료",매입장!$A$4:$A$1503,">="&DATE(기본설정!$C$4,$A10,1),매입장!$A$4:$A$1503,"<"&DATE(기본설정!$C$4,$A10+1,1),매입장!$B$4:$B$1503,기본설정!$C$6)) -> 0 | G10: =IF(기본설정!$C$6="전체",SUMPRODUCT((재고실사!$W$4:$W$403="식재료")*재고실사!$E$4:$E$403*INDEX(재고실사!$F$4:$R$403,0,$A10+0)),SUMPRODUCT((재고실사!$W$4:$W$403="식재료")*(재고실사!$A$4:$A$403=기본설정!$C$6)*재고실사!$E$4:$E$403*INDEX(재고실사!$F$4:$R$403,0,$A10+0)))+IF(기본설정!$C$6="전체",SUMIFS(매입장!$I$4:$I$1503,매입장!$P$4:$P$1503,"식재료",매입장!$A$4:$A$1503,">="&DATE(기본설정!$C$4,$A10,1),매입장!$A$4:$A$1503,"<"&DATE(기본설정!$C$4,$A10+1,1)),SUMIFS(매입장!$I$4:$I$1503,매입장!$P$4:$P$1503,"식재료",매입장!$A$4:$A$1503,">="&DATE(기본설정!$C$4,$A10,1),매입장!$A$4:$A$1503,"<"&DATE(기본설정!$C$4,$A10+1,1),매입장!$B$4:$B$1503,기본설정!$C$6))-IF(기본설정!$C$6="전체",SUMPRODUCT((재고실사!$W$4:$W$403="식재료")*재고실사!$E$4:$E$403*INDEX(재고실사!$F$4:$R$403,0,$A10+1)),SUMPRODUCT((재고실사!$W$4:$W$403="식재료")*(재고실사!$A$4:$A$403=기본설정!$C$6)*재고실사!$E$4:$E$403*INDEX(재고실사!$F$4:$R$403,0,$A10+1))) -> 0 | H10: =IFERROR(G10/C10,0) -> 0 | I10: =IF(기본설정!$C$6="전체",SUMIFS(매입장!$I$4:$I$1503,매입장!$P$4:$P$1503,"주류·음료",매입장!$A$4:$A$1503,">="&DATE(기본설정!$C$4,$A10,1),매입장!$A$4:$A$1503,"<"&DATE(기본설정!$C$4,$A10+1,1)),SUMIFS(매입장!$I$4:$I$1503,매입장!$P$4:$P$1503,"주류·음료",매입장!$A$4:$A$1503,">="&DATE(기본설정!$C$4,$A10,1),매입장!$A$4:$A$1503,"<"&DATE(기본설정!$C$4,$A10+1,1),매입장!$B$4:$B$1503,기본설정!$C$6)) -> 0 | J10: =IF(기본설정!$C$6="전체",SUMPRODUCT((재고실사!$W$4:$W$403="주류·음료")*재고실사!$E$4:$E$403*INDEX(재고실사!$F$4:$R$403,0,$A10+0)),SUMPRODUCT((재고실사!$W$4:$W$403="주류·음료")*(재고실사!$A$4:$A$403=기본설정!$C$6)*재고실사!$E$4:$E$403*INDEX(재고실사!$F$4:$R$403,0,$A10+0)))+IF(기본설정!$C$6="전체",SUMIFS(매입장!$I$4:$I$1503,매입장!$P$4:$P$1503,"주류·음료",매입장!$A$4:$A$1503,">="&DATE(기본설정!$C$4,$A10,1),매입장!$A$4:$A$1503,"<"&DATE(기본설정!$C$4,$A10+1,1)),SUMIFS(매입장!$I$4:$I$1503,매입장!$P$4:$P$1503,"주류·음료",매입장!$A$4:$A$1503,">="&DATE(기본설정!$C$4,$A10,1),매입장!$A$4:$A$1503,"<"&DATE(기본설정!$C$4,$A10+1,1),매입장!$B$4:$B$1503,기본설정!$C$6))-IF(기본설정!$C$6="전체",SUMPRODUCT((재고실사!$W$4:$W$403="주류·음료")*재고실사!$E$4:$E$403*INDEX(재고실사!$F$4:$R$403,0,$A10+1)),SUMPRODUCT((재고실사!$W$4:$W$403="주류·음료")*(재고실사!$A$4:$A$403=기본설정!$C$6)*재고실사!$E$4:$E$403*INDEX(재고실사!$F$4:$R$403,0,$A10+1))) -> 0 | K10: =IFERROR(J10/D10,0) -> 0 | L10: =IF(기본설정!$C$6="전체",SUMPRODUCT((재고실사!$W$4:$W$403="소모품")*재고실사!$E$4:$E$403*INDEX(재고실사!$F$4:$R$403,0,$A10+0)),SUMPRODUCT((재고실사!$W$4:$W$403="소모품")*(재고실사!$A$4:$A$403=기본설정!$C$6)*재고실사!$E$4:$E$403*INDEX(재고실사!$F$4:$R$403,0,$A10+0)))+IF(기본설정!$C$6="전체",SUMIFS(매입장!$I$4:$I$1503,매입장!$P$4:$P$1503,"소모품",매입장!$A$4:$A$1503,">="&DATE(기본설정!$C$4,$A10,1),매입장!$A$4:$A$1503,"<"&DATE(기본설정!$C$4,$A10+1,1)),SUMIFS(매입장!$I$4:$I$1503,매입장!$P$4:$P$1503,"소모품",매입장!$A$4:$A$1503,">="&DATE(기본설정!$C$4,$A10,1),매입장!$A$4:$A$1503,"<"&DATE(기본설정!$C$4,$A10+1,1),매입장!$B$4:$B$1503,기본설정!$C$6))-IF(기본설정!$C$6="전체",SUMPRODUCT((재고실사!$W$4:$W$403="소모품")*재고실사!$E$4:$E$403*INDEX(재고실사!$F$4:$R$403,0,$A10+1)),SUMPRODUCT((재고실사!$W$4:$W$403="소모품")*(재고실사!$A$4:$A$403=기본설정!$C$6)*재고실사!$E$4:$E$403*INDEX(재고실사!$F$4:$R$403,0,$A10+1))) -> 0 | M10: =G10+J10+L10 -> 0 | N10: =IFERROR(M10/E10,0) -> 0 | O10: =E10-M10 -> 0 | P10: =IFERROR(O10/E10,0) -> 0 | Q10: =IF(기본설정!$C$6="전체",SUMIFS(매출일보!$J$4:$J$403,매출일보!$A$4:$A$403,">="&DATE(기본설정!$C$4,$A10,1),매출일보!$A$4:$A$403,"<"&DATE(기본설정!$C$4,$A10+1,1)),SUMIFS(매출일보!$J$4:$J$403,매출일보!$A$4:$A$403,">="&DATE(기본설정!$C$4,$A10,1),매출일보!$A$4:$A$403,"<"&DATE(기본설정!$C$4,$A10+1,1),매출일보!$B$4:$B$403,기본설정!$C$6)) -> 0 | R10: =IFERROR(B10/Q10,0) -> 0 | S10: =IF(SUMPRODUCT(--(INDEX(재고실사!$F$4:$R$403,0,$A10+1)<>""))>0,"입력","미입력") -> 미입력
A11: 7 | B11: =IF(기본설정!$C$6="전체",SUMIFS(매출일보!$G$4:$G$403,매출일보!$A$4:$A$403,">="&DATE(기본설정!$C$4,$A11,1),매출일보!$A$4:$A$403,"<"&DATE(기본설정!$C$4,$A11+1,1)),SUMIFS(매출일보!$G$4:$G$403,매출일보!$A$4:$A$403,">="&DATE(기본설정!$C$4,$A11,1),매출일보!$A$4:$A$403,"<"&DATE(기본설정!$C$4,$A11+1,1),매출일보!$B$4:$B$403,기본설정!$C$6)) -> 0 | C11: =IF(기본설정!$C$6="전체",SUMIFS(매출일보!$I$4:$I$403,매출일보!$A$4:$A$403,">="&DATE(기본설정!$C$4,$A11,1),매출일보!$A$4:$A$403,"<"&DATE(기본설정!$C$4,$A11+1,1)),SUMIFS(매출일보!$I$4:$I$403,매출일보!$A$4:$A$403,">="&DATE(기본설정!$C$4,$A11,1),매출일보!$A$4:$A$403,"<"&DATE(기본설정!$C$4,$A11+1,1),매출일보!$B$4:$B$403,기본설정!$C$6))/1.1 -> 0 | D11: =IF(기본설정!$C$6="전체",SUMIFS(매출일보!$H$4:$H$403,매출일보!$A$4:$A$403,">="&DATE(기본설정!$C$4,$A11,1),매출일보!$A$4:$A$403,"<"&DATE(기본설정!$C$4,$A11+1,1)),SUMIFS(매출일보!$H$4:$H$403,매출일보!$A$4:$A$403,">="&DATE(기본설정!$C$4,$A11,1),매출일보!$A$4:$A$403,"<"&DATE(기본설정!$C$4,$A11+1,1),매출일보!$B$4:$B$403,기본설정!$C$6))/1.1 -> 0 | E11: =C11+D11 -> 0 | F11: =IF(기본설정!$C$6="전체",SUMIFS(매입장!$I$4:$I$1503,매입장!$P$4:$P$1503,"식재료",매입장!$A$4:$A$1503,">="&DATE(기본설정!$C$4,$A11,1),매입장!$A$4:$A$1503,"<"&DATE(기본설정!$C$4,$A11+1,1)),SUMIFS(매입장!$I$4:$I$1503,매입장!$P$4:$P$1503,"식재료",매입장!$A$4:$A$1503,">="&DATE(기본설정!$C$4,$A11,1),매입장!$A$4:$A$1503,"<"&DATE(기본설정!$C$4,$A11+1,1),매입장!$B$4:$B$1503,기본설정!$C$6)) -> 0 | G11: =IF(기본설정!$C$6="전체",SUMPRODUCT((재고실사!$W$4:$W$403="식재료")*재고실사!$E$4:$E$403*INDEX(재고실사!$F$4:$R$403,0,$A11+0)),SUMPRODUCT((재고실사!$W$4:$W$403="식재료")*(재고실사!$A$4:$A$403=기본설정!$C$6)*재고실사!$E$4:$E$403*INDEX(재고실사!$F$4:$R$403,0,$A11+0)))+IF(기본설정!$C$6="전체",SUMIFS(매입장!$I$4:$I$1503,매입장!$P$4:$P$1503,"식재료",매입장!$A$4:$A$1503,">="&DATE(기본설정!$C$4,$A11,1),매입장!$A$4:$A$1503,"<"&DATE(기본설정!$C$4,$A11+1,1)),SUMIFS(매입장!$I$4:$I$1503,매입장!$P$4:$P$1503,"식재료",매입장!$A$4:$A$1503,">="&DATE(기본설정!$C$4,$A11,1),매입장!$A$4:$A$1503,"<"&DATE(기본설정!$C$4,$A11+1,1),매입장!$B$4:$B$1503,기본설정!$C$6))-IF(기본설정!$C$6="전체",SUMPRODUCT((재고실사!$W$4:$W$403="식재료")*재고실사!$E$4:$E$403*INDEX(재고실사!$F$4:$R$403,0,$A11+1)),SUMPRODUCT((재고실사!$W$4:$W$403="식재료")*(재고실사!$A$4:$A$403=기본설정!$C$6)*재고실사!$E$4:$E$403*INDEX(재고실사!$F$4:$R$403,0,$A11+1))) -> 0 | H11: =IFERROR(G11/C11,0) -> 0 | I11: =IF(기본설정!$C$6="전체",SUMIFS(매입장!$I$4:$I$1503,매입장!$P$4:$P$1503,"주류·음료",매입장!$A$4:$A$1503,">="&DATE(기본설정!$C$4,$A11,1),매입장!$A$4:$A$1503,"<"&DATE(기본설정!$C$4,$A11+1,1)),SUMIFS(매입장!$I$4:$I$1503,매입장!$P$4:$P$1503,"주류·음료",매입장!$A$4:$A$1503,">="&DATE(기본설정!$C$4,$A11,1),매입장!$A$4:$A$1503,"<"&DATE(기본설정!$C$4,$A11+1,1),매입장!$B$4:$B$1503,기본설정!$C$6)) -> 0 | J11: =IF(기본설정!$C$6="전체",SUMPRODUCT((재고실사!$W$4:$W$403="주류·음료")*재고실사!$E$4:$E$403*INDEX(재고실사!$F$4:$R$403,0,$A11+0)),SUMPRODUCT((재고실사!$W$4:$W$403="주류·음료")*(재고실사!$A$4:$A$403=기본설정!$C$6)*재고실사!$E$4:$E$403*INDEX(재고실사!$F$4:$R$403,0,$A11+0)))+IF(기본설정!$C$6="전체",SUMIFS(매입장!$I$4:$I$1503,매입장!$P$4:$P$1503,"주류·음료",매입장!$A$4:$A$1503,">="&DATE(기본설정!$C$4,$A11,1),매입장!$A$4:$A$1503,"<"&DATE(기본설정!$C$4,$A11+1,1)),SUMIFS(매입장!$I$4:$I$1503,매입장!$P$4:$P$1503,"주류·음료",매입장!$A$4:$A$1503,">="&DATE(기본설정!$C$4,$A11,1),매입장!$A$4:$A$1503,"<"&DATE(기본설정!$C$4,$A11+1,1),매입장!$B$4:$B$1503,기본설정!$C$6))-IF(기본설정!$C$6="전체",SUMPRODUCT((재고실사!$W$4:$W$403="주류·음료")*재고실사!$E$4:$E$403*INDEX(재고실사!$F$4:$R$403,0,$A11+1)),SUMPRODUCT((재고실사!$W$4:$W$403="주류·음료")*(재고실사!$A$4:$A$403=기본설정!$C$6)*재고실사!$E$4:$E$403*INDEX(재고실사!$F$4:$R$403,0,$A11+1))) -> 0 | K11: =IFERROR(J11/D11,0) -> 0 | L11: =IF(기본설정!$C$6="전체",SUMPRODUCT((재고실사!$W$4:$W$403="소모품")*재고실사!$E$4:$E$403*INDEX(재고실사!$F$4:$R$403,0,$A11+0)),SUMPRODUCT((재고실사!$W$4:$W$403="소모품")*(재고실사!$A$4:$A$403=기본설정!$C$6)*재고실사!$E$4:$E$403*INDEX(재고실사!$F$4:$R$403,0,$A11+0)))+IF(기본설정!$C$6="전체",SUMIFS(매입장!$I$4:$I$1503,매입장!$P$4:$P$1503,"소모품",매입장!$A$4:$A$1503,">="&DATE(기본설정!$C$4,$A11,1),매입장!$A$4:$A$1503,"<"&DATE(기본설정!$C$4,$A11+1,1)),SUMIFS(매입장!$I$4:$I$1503,매입장!$P$4:$P$1503,"소모품",매입장!$A$4:$A$1503,">="&DATE(기본설정!$C$4,$A11,1),매입장!$A$4:$A$1503,"<"&DATE(기본설정!$C$4,$A11+1,1),매입장!$B$4:$B$1503,기본설정!$C$6))-IF(기본설정!$C$6="전체",SUMPRODUCT((재고실사!$W$4:$W$403="소모품")*재고실사!$E$4:$E$403*INDEX(재고실사!$F$4:$R$403,0,$A11+1)),SUMPRODUCT((재고실사!$W$4:$W$403="소모품")*(재고실사!$A$4:$A$403=기본설정!$C$6)*재고실사!$E$4:$E$403*INDEX(재고실사!$F$4:$R$403,0,$A11+1))) -> 0 | M11: =G11+J11+L11 -> 0 | N11: =IFERROR(M11/E11,0) -> 0 | O11: =E11-M11 -> 0 | P11: =IFERROR(O11/E11,0) -> 0 | Q11: =IF(기본설정!$C$6="전체",SUMIFS(매출일보!$J$4:$J$403,매출일보!$A$4:$A$403,">="&DATE(기본설정!$C$4,$A11,1),매출일보!$A$4:$A$403,"<"&DATE(기본설정!$C$4,$A11+1,1)),SUMIFS(매출일보!$J$4:$J$403,매출일보!$A$4:$A$403,">="&DATE(기본설정!$C$4,$A11,1),매출일보!$A$4:$A$403,"<"&DATE(기본설정!$C$4,$A11+1,1),매출일보!$B$4:$B$403,기본설정!$C$6)) -> 0 | R11: =IFERROR(B11/Q11,0) -> 0 | S11: =IF(SUMPRODUCT(--(INDEX(재고실사!$F$4:$R$403,0,$A11+1)<>""))>0,"입력","미입력") -> 미입력
A12: 8 | B12: =IF(기본설정!$C$6="전체",SUMIFS(매출일보!$G$4:$G$403,매출일보!$A$4:$A$403,">="&DATE(기본설정!$C$4,$A12,1),매출일보!$A$4:$A$403,"<"&DATE(기본설정!$C$4,$A12+1,1)),SUMIFS(매출일보!$G$4:$G$403,매출일보!$A$4:$A$403,">="&DATE(기본설정!$C$4,$A12,1),매출일보!$A$4:$A$403,"<"&DATE(기본설정!$C$4,$A12+1,1),매출일보!$B$4:$B$403,기본설정!$C$6)) -> 0 | C12: =IF(기본설정!$C$6="전체",SUMIFS(매출일보!$I$4:$I$403,매출일보!$A$4:$A$403,">="&DATE(기본설정!$C$4,$A12,1),매출일보!$A$4:$A$403,"<"&DATE(기본설정!$C$4,$A12+1,1)),SUMIFS(매출일보!$I$4:$I$403,매출일보!$A$4:$A$403,">="&DATE(기본설정!$C$4,$A12,1),매출일보!$A$4:$A$403,"<"&DATE(기본설정!$C$4,$A12+1,1),매출일보!$B$4:$B$403,기본설정!$C$6))/1.1 -> 0 | D12: =IF(기본설정!$C$6="전체",SUMIFS(매출일보!$H$4:$H$403,매출일보!$A$4:$A$403,">="&DATE(기본설정!$C$4,$A12,1),매출일보!$A$4:$A$403,"<"&DATE(기본설정!$C$4,$A12+1,1)),SUMIFS(매출일보!$H$4:$H$403,매출일보!$A$4:$A$403,">="&DATE(기본설정!$C$4,$A12,1),매출일보!$A$4:$A$403,"<"&DATE(기본설정!$C$4,$A12+1,1),매출일보!$B$4:$B$403,기본설정!$C$6))/1.1 -> 0 | E12: =C12+D12 -> 0 | F12: =IF(기본설정!$C$6="전체",SUMIFS(매입장!$I$4:$I$1503,매입장!$P$4:$P$1503,"식재료",매입장!$A$4:$A$1503,">="&DATE(기본설정!$C$4,$A12,1),매입장!$A$4:$A$1503,"<"&DATE(기본설정!$C$4,$A12+1,1)),SUMIFS(매입장!$I$4:$I$1503,매입장!$P$4:$P$1503,"식재료",매입장!$A$4:$A$1503,">="&DATE(기본설정!$C$4,$A12,1),매입장!$A$4:$A$1503,"<"&DATE(기본설정!$C$4,$A12+1,1),매입장!$B$4:$B$1503,기본설정!$C$6)) -> 0 | G12: =IF(기본설정!$C$6="전체",SUMPRODUCT((재고실사!$W$4:$W$403="식재료")*재고실사!$E$4:$E$403*INDEX(재고실사!$F$4:$R$403,0,$A12+0)),SUMPRODUCT((재고실사!$W$4:$W$403="식재료")*(재고실사!$A$4:$A$403=기본설정!$C$6)*재고실사!$E$4:$E$403*INDEX(재고실사!$F$4:$R$403,0,$A12+0)))+IF(기본설정!$C$6="전체",SUMIFS(매입장!$I$4:$I$1503,매입장!$P$4:$P$1503,"식재료",매입장!$A$4:$A$1503,">="&DATE(기본설정!$C$4,$A12,1),매입장!$A$4:$A$1503,"<"&DATE(기본설정!$C$4,$A12+1,1)),SUMIFS(매입장!$I$4:$I$1503,매입장!$P$4:$P$1503,"식재료",매입장!$A$4:$A$1503,">="&DATE(기본설정!$C$4,$A12,1),매입장!$A$4:$A$1503,"<"&DATE(기본설정!$C$4,$A12+1,1),매입장!$B$4:$B$1503,기본설정!$C$6))-IF(기본설정!$C$6="전체",SUMPRODUCT((재고실사!$W$4:$W$403="식재료")*재고실사!$E$4:$E$403*INDEX(재고실사!$F$4:$R$403,0,$A12+1)),SUMPRODUCT((재고실사!$W$4:$W$403="식재료")*(재고실사!$A$4:$A$403=기본설정!$C$6)*재고실사!$E$4:$E$403*INDEX(재고실사!$F$4:$R$403,0,$A12+1))) -> 0 | H12: =IFERROR(G12/C12,0) -> 0 | I12: =IF(기본설정!$C$6="전체",SUMIFS(매입장!$I$4:$I$1503,매입장!$P$4:$P$1503,"주류·음료",매입장!$A$4:$A$1503,">="&DATE(기본설정!$C$4,$A12,1),매입장!$A$4:$A$1503,"<"&DATE(기본설정!$C$4,$A12+1,1)),SUMIFS(매입장!$I$4:$I$1503,매입장!$P$4:$P$1503,"주류·음료",매입장!$A$4:$A$1503,">="&DATE(기본설정!$C$4,$A12,1),매입장!$A$4:$A$1503,"<"&DATE(기본설정!$C$4,$A12+1,1),매입장!$B$4:$B$1503,기본설정!$C$6)) -> 0 | J12: =IF(기본설정!$C$6="전체",SUMPRODUCT((재고실사!$W$4:$W$403="주류·음료")*재고실사!$E$4:$E$403*INDEX(재고실사!$F$4:$R$403,0,$A12+0)),SUMPRODUCT((재고실사!$W$4:$W$403="주류·음료")*(재고실사!$A$4:$A$403=기본설정!$C$6)*재고실사!$E$4:$E$403*INDEX(재고실사!$F$4:$R$403,0,$A12+0)))+IF(기본설정!$C$6="전체",SUMIFS(매입장!$I$4:$I$1503,매입장!$P$4:$P$1503,"주류·음료",매입장!$A$4:$A$1503,">="&DATE(기본설정!$C$4,$A12,1),매입장!$A$4:$A$1503,"<"&DATE(기본설정!$C$4,$A12+1,1)),SUMIFS(매입장!$I$4:$I$1503,매입장!$P$4:$P$1503,"주류·음료",매입장!$A$4:$A$1503,">="&DATE(기본설정!$C$4,$A12,1),매입장!$A$4:$A$1503,"<"&DATE(기본설정!$C$4,$A12+1,1),매입장!$B$4:$B$1503,기본설정!$C$6))-IF(기본설정!$C$6="전체",SUMPRODUCT((재고실사!$W$4:$W$403="주류·음료")*재고실사!$E$4:$E$403*INDEX(재고실사!$F$4:$R$403,0,$A12+1)),SUMPRODUCT((재고실사!$W$4:$W$403="주류·음료")*(재고실사!$A$4:$A$403=기본설정!$C$6)*재고실사!$E$4:$E$403*INDEX(재고실사!$F$4:$R$403,0,$A12+1))) -> 0 | K12: =IFERROR(J12/D12,0) -> 0 | L12: =IF(기본설정!$C$6="전체",SUMPRODUCT((재고실사!$W$4:$W$403="소모품")*재고실사!$E$4:$E$403*INDEX(재고실사!$F$4:$R$403,0,$A12+0)),SUMPRODUCT((재고실사!$W$4:$W$403="소모품")*(재고실사!$A$4:$A$403=기본설정!$C$6)*재고실사!$E$4:$E$403*INDEX(재고실사!$F$4:$R$403,0,$A12+0)))+IF(기본설정!$C$6="전체",SUMIFS(매입장!$I$4:$I$1503,매입장!$P$4:$P$1503,"소모품",매입장!$A$4:$A$1503,">="&DATE(기본설정!$C$4,$A12,1),매입장!$A$4:$A$1503,"<"&DATE(기본설정!$C$4,$A12+1,1)),SUMIFS(매입장!$I$4:$I$1503,매입장!$P$4:$P$1503,"소모품",매입장!$A$4:$A$1503,">="&DATE(기본설정!$C$4,$A12,1),매입장!$A$4:$A$1503,"<"&DATE(기본설정!$C$4,$A12+1,1),매입장!$B$4:$B$1503,기본설정!$C$6))-IF(기본설정!$C$6="전체",SUMPRODUCT((재고실사!$W$4:$W$403="소모품")*재고실사!$E$4:$E$403*INDEX(재고실사!$F$4:$R$403,0,$A12+1)),SUMPRODUCT((재고실사!$W$4:$W$403="소모품")*(재고실사!$A$4:$A$403=기본설정!$C$6)*재고실사!$E$4:$E$403*INDEX(재고실사!$F$4:$R$403,0,$A12+1))) -> 0 | M12: =G12+J12+L12 -> 0 | N12: =IFERROR(M12/E12,0) -> 0 | O12: =E12-M12 -> 0 | P12: =IFERROR(O12/E12,0) -> 0 | Q12: =IF(기본설정!$C$6="전체",SUMIFS(매출일보!$J$4:$J$403,매출일보!$A$4:$A$403,">="&DATE(기본설정!$C$4,$A12,1),매출일보!$A$4:$A$403,"<"&DATE(기본설정!$C$4,$A12+1,1)),SUMIFS(매출일보!$J$4:$J$403,매출일보!$A$4:$A$403,">="&DATE(기본설정!$C$4,$A12,1),매출일보!$A$4:$A$403,"<"&DATE(기본설정!$C$4,$A12+1,1),매출일보!$B$4:$B$403,기본설정!$C$6)) -> 0 | R12: =IFERROR(B12/Q12,0) -> 0 | S12: =IF(SUMPRODUCT(--(INDEX(재고실사!$F$4:$R$403,0,$A12+1)<>""))>0,"입력","미입력") -> 미입력
A13: 9 | B13: =IF(기본설정!$C$6="전체",SUMIFS(매출일보!$G$4:$G$403,매출일보!$A$4:$A$403,">="&DATE(기본설정!$C$4,$A13,1),매출일보!$A$4:$A$403,"<"&DATE(기본설정!$C$4,$A13+1,1)),SUMIFS(매출일보!$G$4:$G$403,매출일보!$A$4:$A$403,">="&DATE(기본설정!$C$4,$A13,1),매출일보!$A$4:$A$403,"<"&DATE(기본설정!$C$4,$A13+1,1),매출일보!$B$4:$B$403,기본설정!$C$6)) -> 0 | C13: =IF(기본설정!$C$6="전체",SUMIFS(매출일보!$I$4:$I$403,매출일보!$A$4:$A$403,">="&DATE(기본설정!$C$4,$A13,1),매출일보!$A$4:$A$403,"<"&DATE(기본설정!$C$4,$A13+1,1)),SUMIFS(매출일보!$I$4:$I$403,매출일보!$A$4:$A$403,">="&DATE(기본설정!$C$4,$A13,1),매출일보!$A$4:$A$403,"<"&DATE(기본설정!$C$4,$A13+1,1),매출일보!$B$4:$B$403,기본설정!$C$6))/1.1 -> 0 | D13: =IF(기본설정!$C$6="전체",SUMIFS(매출일보!$H$4:$H$403,매출일보!$A$4:$A$403,">="&DATE(기본설정!$C$4,$A13,1),매출일보!$A$4:$A$403,"<"&DATE(기본설정!$C$4,$A13+1,1)),SUMIFS(매출일보!$H$4:$H$403,매출일보!$A$4:$A$403,">="&DATE(기본설정!$C$4,$A13,1),매출일보!$A$4:$A$403,"<"&DATE(기본설정!$C$4,$A13+1,1),매출일보!$B$4:$B$403,기본설정!$C$6))/1.1 -> 0 | E13: =C13+D13 -> 0 | F13: =IF(기본설정!$C$6="전체",SUMIFS(매입장!$I$4:$I$1503,매입장!$P$4:$P$1503,"식재료",매입장!$A$4:$A$1503,">="&DATE(기본설정!$C$4,$A13,1),매입장!$A$4:$A$1503,"<"&DATE(기본설정!$C$4,$A13+1,1)),SUMIFS(매입장!$I$4:$I$1503,매입장!$P$4:$P$1503,"식재료",매입장!$A$4:$A$1503,">="&DATE(기본설정!$C$4,$A13,1),매입장!$A$4:$A$1503,"<"&DATE(기본설정!$C$4,$A13+1,1),매입장!$B$4:$B$1503,기본설정!$C$6)) -> 0 | G13: =IF(기본설정!$C$6="전체",SUMPRODUCT((재고실사!$W$4:$W$403="식재료")*재고실사!$E$4:$E$403*INDEX(재고실사!$F$4:$R$403,0,$A13+0)),SUMPRODUCT((재고실사!$W$4:$W$403="식재료")*(재고실사!$A$4:$A$403=기본설정!$C$6)*재고실사!$E$4:$E$403*INDEX(재고실사!$F$4:$R$403,0,$A13+0)))+IF(기본설정!$C$6="전체",SUMIFS(매입장!$I$4:$I$1503,매입장!$P$4:$P$1503,"식재료",매입장!$A$4:$A$1503,">="&DATE(기본설정!$C$4,$A13,1),매입장!$A$4:$A$1503,"<"&DATE(기본설정!$C$4,$A13+1,1)),SUMIFS(매입장!$I$4:$I$1503,매입장!$P$4:$P$1503,"식재료",매입장!$A$4:$A$1503,">="&DATE(기본설정!$C$4,$A13,1),매입장!$A$4:$A$1503,"<"&DATE(기본설정!$C$4,$A13+1,1),매입장!$B$4:$B$1503,기본설정!$C$6))-IF(기본설정!$C$6="전체",SUMPRODUCT((재고실사!$W$4:$W$403="식재료")*재고실사!$E$4:$E$403*INDEX(재고실사!$F$4:$R$403,0,$A13+1)),SUMPRODUCT((재고실사!$W$4:$W$403="식재료")*(재고실사!$A$4:$A$403=기본설정!$C$6)*재고실사!$E$4:$E$403*INDEX(재고실사!$F$4:$R$403,0,$A13+1))) -> 0 | H13: =IFERROR(G13/C13,0) -> 0 | I13: =IF(기본설정!$C$6="전체",SUMIFS(매입장!$I$4:$I$1503,매입장!$P$4:$P$1503,"주류·음료",매입장!$A$4:$A$1503,">="&DATE(기본설정!$C$4,$A13,1),매입장!$A$4:$A$1503,"<"&DATE(기본설정!$C$4,$A13+1,1)),SUMIFS(매입장!$I$4:$I$1503,매입장!$P$4:$P$1503,"주류·음료",매입장!$A$4:$A$1503,">="&DATE(기본설정!$C$4,$A13,1),매입장!$A$4:$A$1503,"<"&DATE(기본설정!$C$4,$A13+1,1),매입장!$B$4:$B$1503,기본설정!$C$6)) -> 0 | J13: =IF(기본설정!$C$6="전체",SUMPRODUCT((재고실사!$W$4:$W$403="주류·음료")*재고실사!$E$4:$E$403*INDEX(재고실사!$F$4:$R$403,0,$A13+0)),SUMPRODUCT((재고실사!$W$4:$W$403="주류·음료")*(재고실사!$A$4:$A$403=기본설정!$C$6)*재고실사!$E$4:$E$403*INDEX(재고실사!$F$4:$R$403,0,$A13+0)))+IF(기본설정!$C$6="전체",SUMIFS(매입장!$I$4:$I$1503,매입장!$P$4:$P$1503,"주류·음료",매입장!$A$4:$A$1503,">="&DATE(기본설정!$C$4,$A13,1),매입장!$A$4:$A$1503,"<"&DATE(기본설정!$C$4,$A13+1,1)),SUMIFS(매입장!$I$4:$I$1503,매입장!$P$4:$P$1503,"주류·음료",매입장!$A$4:$A$1503,">="&DATE(기본설정!$C$4,$A13,1),매입장!$A$4:$A$1503,"<"&DATE(기본설정!$C$4,$A13+1,1),매입장!$B$4:$B$1503,기본설정!$C$6))-IF(기본설정!$C$6="전체",SUMPRODUCT((재고실사!$W$4:$W$403="주류·음료")*재고실사!$E$4:$E$403*INDEX(재고실사!$F$4:$R$403,0,$A13+1)),SUMPRODUCT((재고실사!$W$4:$W$403="주류·음료")*(재고실사!$A$4:$A$403=기본설정!$C$6)*재고실사!$E$4:$E$403*INDEX(재고실사!$F$4:$R$403,0,$A13+1))) -> 0 | K13: =IFERROR(J13/D13,0) -> 0 | L13: =IF(기본설정!$C$6="전체",SUMPRODUCT((재고실사!$W$4:$W$403="소모품")*재고실사!$E$4:$E$403*INDEX(재고실사!$F$4:$R$403,0,$A13+0)),SUMPRODUCT((재고실사!$W$4:$W$403="소모품")*(재고실사!$A$4:$A$403=기본설정!$C$6)*재고실사!$E$4:$E$403*INDEX(재고실사!$F$4:$R$403,0,$A13+0)))+IF(기본설정!$C$6="전체",SUMIFS(매입장!$I$4:$I$1503,매입장!$P$4:$P$1503,"소모품",매입장!$A$4:$A$1503,">="&DATE(기본설정!$C$4,$A13,1),매입장!$A$4:$A$1503,"<"&DATE(기본설정!$C$4,$A13+1,1)),SUMIFS(매입장!$I$4:$I$1503,매입장!$P$4:$P$1503,"소모품",매입장!$A$4:$A$1503,">="&DATE(기본설정!$C$4,$A13,1),매입장!$A$4:$A$1503,"<"&DATE(기본설정!$C$4,$A13+1,1),매입장!$B$4:$B$1503,기본설정!$C$6))-IF(기본설정!$C$6="전체",SUMPRODUCT((재고실사!$W$4:$W$403="소모품")*재고실사!$E$4:$E$403*INDEX(재고실사!$F$4:$R$403,0,$A13+1)),SUMPRODUCT((재고실사!$W$4:$W$403="소모품")*(재고실사!$A$4:$A$403=기본설정!$C$6)*재고실사!$E$4:$E$403*INDEX(재고실사!$F$4:$R$403,0,$A13+1))) -> 0 | M13: =G13+J13+L13 -> 0 | N13: =IFERROR(M13/E13,0) -> 0 | O13: =E13-M13 -> 0 | P13: =IFERROR(O13/E13,0) -> 0 | Q13: =IF(기본설정!$C$6="전체",SUMIFS(매출일보!$J$4:$J$403,매출일보!$A$4:$A$403,">="&DATE(기본설정!$C$4,$A13,1),매출일보!$A$4:$A$403,"<"&DATE(기본설정!$C$4,$A13+1,1)),SUMIFS(매출일보!$J$4:$J$403,매출일보!$A$4:$A$403,">="&DATE(기본설정!$C$4,$A13,1),매출일보!$A$4:$A$403,"<"&DATE(기본설정!$C$4,$A13+1,1),매출일보!$B$4:$B$403,기본설정!$C$6)) -> 0 | R13: =IFERROR(B13/Q13,0) -> 0 | S13: =IF(SUMPRODUCT(--(INDEX(재고실사!$F$4:$R$403,0,$A13+1)<>""))>0,"입력","미입력") -> 미입력
A14: 10 | B14: =IF(기본설정!$C$6="전체",SUMIFS(매출일보!$G$4:$G$403,매출일보!$A$4:$A$403,">="&DATE(기본설정!$C$4,$A14,1),매출일보!$A$4:$A$403,"<"&DATE(기본설정!$C$4,$A14+1,1)),SUMIFS(매출일보!$G$4:$G$403,매출일보!$A$4:$A$403,">="&DATE(기본설정!$C$4,$A14,1),매출일보!$A$4:$A$403,"<"&DATE(기본설정!$C$4,$A14+1,1),매출일보!$B$4:$B$403,기본설정!$C$6)) -> 2300000 | C14: =IF(기본설정!$C$6="전체",SUMIFS(매출일보!$I$4:$I$403,매출일보!$A$4:$A$403,">="&DATE(기본설정!$C$4,$A14,1),매출일보!$A$4:$A$403,"<"&DATE(기본설정!$C$4,$A14+1,1)),SUMIFS(매출일보!$I$4:$I$403,매출일보!$A$4:$A$403,">="&DATE(기본설정!$C$4,$A14,1),매출일보!$A$4:$A$403,"<"&DATE(기본설정!$C$4,$A14+1,1),매출일보!$B$4:$B$403,기본설정!$C$6))/1.1 -> 1618181.8 | D14: =IF(기본설정!$C$6="전체",SUMIFS(매출일보!$H$4:$H$403,매출일보!$A$4:$A$403,">="&DATE(기본설정!$C$4,$A14,1),매출일보!$A$4:$A$403,"<"&DATE(기본설정!$C$4,$A14+1,1)),SUMIFS(매출일보!$H$4:$H$403,매출일보!$A$4:$A$403,">="&DATE(기본설정!$C$4,$A14,1),매출일보!$A$4:$A$403,"<"&DATE(기본설정!$C$4,$A14+1,1),매출일보!$B$4:$B$403,기본설정!$C$6))/1.1 -> 472727.27 | E14: =C14+D14 -> 2090909.1 | F14: =IF(기본설정!$C$6="전체",SUMIFS(매입장!$I$4:$I$1503,매입장!$P$4:$P$1503,"식재료",매입장!$A$4:$A$1503,">="&DATE(기본설정!$C$4,$A14,1),매입장!$A$4:$A$1503,"<"&DATE(기본설정!$C$4,$A14+1,1)),SUMIFS(매입장!$I$4:$I$1503,매입장!$P$4:$P$1503,"식재료",매입장!$A$4:$A$1503,">="&DATE(기본설정!$C$4,$A14,1),매입장!$A$4:$A$1503,"<"&DATE(기본설정!$C$4,$A14+1,1),매입장!$B$4:$B$1503,기본설정!$C$6)) -> 415000 | G14: =IF(기본설정!$C$6="전체",SUMPRODUCT((재고실사!$W$4:$W$403="식재료")*재고실사!$E$4:$E$403*INDEX(재고실사!$F$4:$R$403,0,$A14+0)),SUMPRODUCT((재고실사!$W$4:$W$403="식재료")*(재고실사!$A$4:$A$403=기본설정!$C$6)*재고실사!$E$4:$E$403*INDEX(재고실사!$F$4:$R$403,0,$A14+0)))+IF(기본설정!$C$6="전체",SUMIFS(매입장!$I$4:$I$1503,매입장!$P$4:$P$1503,"식재료",매입장!$A$4:$A$1503,">="&DATE(기본설정!$C$4,$A14,1),매입장!$A$4:$A$1503,"<"&DATE(기본설정!$C$4,$A14+1,1)),SUMIFS(매입장!$I$4:$I$1503,매입장!$P$4:$P$1503,"식재료",매입장!$A$4:$A$1503,">="&DATE(기본설정!$C$4,$A14,1),매입장!$A$4:$A$1503,"<"&DATE(기본설정!$C$4,$A14+1,1),매입장!$B$4:$B$1503,기본설정!$C$6))-IF(기본설정!$C$6="전체",SUMPRODUCT((재고실사!$W$4:$W$403="식재료")*재고실사!$E$4:$E$403*INDEX(재고실사!$F$4:$R$403,0,$A14+1)),SUMPRODUCT((재고실사!$W$4:$W$403="식재료")*(재고실사!$A$4:$A$403=기본설정!$C$6)*재고실사!$E$4:$E$403*INDEX(재고실사!$F$4:$R$403,0,$A14+1))) -> 415000 | H14: =IFERROR(G14/C14,0) -> 0.25646067 | I14: =IF(기본설정!$C$6="전체",SUMIFS(매입장!$I$4:$I$1503,매입장!$P$4:$P$1503,"주류·음료",매입장!$A$4:$A$1503,">="&DATE(기본설정!$C$4,$A14,1),매입장!$A$4:$A$1503,"<"&DATE(기본설정!$C$4,$A14+1,1)),SUMIFS(매입장!$I$4:$I$1503,매입장!$P$4:$P$1503,"주류·음료",매입장!$A$4:$A$1503,">="&DATE(기본설정!$C$4,$A14,1),매입장!$A$4:$A$1503,"<"&DATE(기본설정!$C$4,$A14+1,1),매입장!$B$4:$B$1503,기본설정!$C$6)) -> 288000 | J14: =IF(기본설정!$C$6="전체",SUMPRODUCT((재고실사!$W$4:$W$403="주류·음료")*재고실사!$E$4:$E$403*INDEX(재고실사!$F$4:$R$403,0,$A14+0)),SUMPRODUCT((재고실사!$W$4:$W$403="주류·음료")*(재고실사!$A$4:$A$403=기본설정!$C$6)*재고실사!$E$4:$E$403*INDEX(재고실사!$F$4:$R$403,0,$A14+0)))+IF(기본설정!$C$6="전체",SUMIFS(매입장!$I$4:$I$1503,매입장!$P$4:$P$1503,"주류·음료",매입장!$A$4:$A$1503,">="&DATE(기본설정!$C$4,$A14,1),매입장!$A$4:$A$1503,"<"&DATE(기본설정!$C$4,$A14+1,1)),SUMIFS(매입장!$I$4:$I$1503,매입장!$P$4:$P$1503,"주류·음료",매입장!$A$4:$A$1503,">="&DATE(기본설정!$C$4,$A14,1),매입장!$A$4:$A$1503,"<"&DATE(기본설정!$C$4,$A14+1,1),매입장!$B$4:$B$1503,기본설정!$C$6))-IF(기본설정!$C$6="전체",SUMPRODUCT((재고실사!$W$4:$W$403="주류·음료")*재고실사!$E$4:$E$403*INDEX(재고실사!$F$4:$R$403,0,$A14+1)),SUMPRODUCT((재고실사!$W$4:$W$403="주류·음료")*(재고실사!$A$4:$A$403=기본설정!$C$6)*재고실사!$E$4:$E$403*INDEX(재고실사!$F$4:$R$403,0,$A14+1))) -> 288000 | K14: =IFERROR(J14/D14,0) -> 0.60923077 | L14: =IF(기본설정!$C$6="전체",SUMPRODUCT((재고실사!$W$4:$W$403="소모품")*재고실사!$E$4:$E$403*INDEX(재고실사!$F$4:$R$403,0,$A14+0)),SUMPRODUCT((재고실사!$W$4:$W$403="소모품")*(재고실사!$A$4:$A$403=기본설정!$C$6)*재고실사!$E$4:$E$403*INDEX(재고실사!$F$4:$R$403,0,$A14+0)))+IF(기본설정!$C$6="전체",SUMIFS(매입장!$I$4:$I$1503,매입장!$P$4:$P$1503,"소모품",매입장!$A$4:$A$1503,">="&DATE(기본설정!$C$4,$A14,1),매입장!$A$4:$A$1503,"<"&DATE(기본설정!$C$4,$A14+1,1)),SUMIFS(매입장!$I$4:$I$1503,매입장!$P$4:$P$1503,"소모품",매입장!$A$4:$A$1503,">="&DATE(기본설정!$C$4,$A14,1),매입장!$A$4:$A$1503,"<"&DATE(기본설정!$C$4,$A14+1,1),매입장!$B$4:$B$1503,기본설정!$C$6))-IF(기본설정!$C$6="전체",SUMPRODUCT((재고실사!$W$4:$W$403="소모품")*재고실사!$E$4:$E$403*INDEX(재고실사!$F$4:$R$403,0,$A14+1)),SUMPRODUCT((재고실사!$W$4:$W$403="소모품")*(재고실사!$A$4:$A$403=기본설정!$C$6)*재고실사!$E$4:$E$403*INDEX(재고실사!$F$4:$R$403,0,$A14+1))) -> 0 | M14: =G14+J14+L14 -> 703000 | N14: =IFERROR(M14/E14,0) -> 0.33621739 | O14: =E14-M14 -> 1387909.1 | P14: =IFERROR(O14/E14,0) -> 0.66378261 | Q14: =IF(기본설정!$C$6="전체",SUMIFS(매출일보!$J$4:$J$403,매출일보!$A$4:$A$403,">="&DATE(기본설정!$C$4,$A14,1),매출일보!$A$4:$A$403,"<"&DATE(기본설정!$C$4,$A14+1,1)),SUMIFS(매출일보!$J$4:$J$403,매출일보!$A$4:$A$403,">="&DATE(기본설정!$C$4,$A14,1),매출일보!$A$4:$A$403,"<"&DATE(기본설정!$C$4,$A14+1,1),매출일보!$B$4:$B$403,기본설정!$C$6)) -> 62 | R14: =IFERROR(B14/Q14,0) -> 37096.774 | S14: =IF(SUMPRODUCT(--(INDEX(재고실사!$F$4:$R$403,0,$A14+1)<>""))>0,"입력","미입력") -> 미입력
A15: 11 | B15: =IF(기본설정!$C$6="전체",SUMIFS(매출일보!$G$4:$G$403,매출일보!$A$4:$A$403,">="&DATE(기본설정!$C$4,$A15,1),매출일보!$A$4:$A$403,"<"&DATE(기본설정!$C$4,$A15+1,1)),SUMIFS(매출일보!$G$4:$G$403,매출일보!$A$4:$A$403,">="&DATE(기본설정!$C$4,$A15,1),매출일보!$A$4:$A$403,"<"&DATE(기본설정!$C$4,$A15+1,1),매출일보!$B$4:$B$403,기본설정!$C$6)) -> 0 | C15: =IF(기본설정!$C$6="전체",SUMIFS(매출일보!$I$4:$I$403,매출일보!$A$4:$A$403,">="&DATE(기본설정!$C$4,$A15,1),매출일보!$A$4:$A$403,"<"&DATE(기본설정!$C$4,$A15+1,1)),SUMIFS(매출일보!$I$4:$I$403,매출일보!$A$4:$A$403,">="&DATE(기본설정!$C$4,$A15,1),매출일보!$A$4:$A$403,"<"&DATE(기본설정!$C$4,$A15+1,1),매출일보!$B$4:$B$403,기본설정!$C$6))/1.1 -> 0 | D15: =IF(기본설정!$C$6="전체",SUMIFS(매출일보!$H$4:$H$403,매출일보!$A$4:$A$403,">="&DATE(기본설정!$C$4,$A15,1),매출일보!$A$4:$A$403,"<"&DATE(기본설정!$C$4,$A15+1,1)),SUMIFS(매출일보!$H$4:$H$403,매출일보!$A$4:$A$403,">="&DATE(기본설정!$C$4,$A15,1),매출일보!$A$4:$A$403,"<"&DATE(기본설정!$C$4,$A15+1,1),매출일보!$B$4:$B$403,기본설정!$C$6))/1.1 -> 0 | E15: =C15+D15 -> 0 | F15: =IF(기본설정!$C$6="전체",SUMIFS(매입장!$I$4:$I$1503,매입장!$P$4:$P$1503,"식재료",매입장!$A$4:$A$1503,">="&DATE(기본설정!$C$4,$A15,1),매입장!$A$4:$A$1503,"<"&DATE(기본설정!$C$4,$A15+1,1)),SUMIFS(매입장!$I$4:$I$1503,매입장!$P$4:$P$1503,"식재료",매입장!$A$4:$A$1503,">="&DATE(기본설정!$C$4,$A15,1),매입장!$A$4:$A$1503,"<"&DATE(기본설정!$C$4,$A15+1,1),매입장!$B$4:$B$1503,기본설정!$C$6)) -> 0 | G15: =IF(기본설정!$C$6="전체",SUMPRODUCT((재고실사!$W$4:$W$403="식재료")*재고실사!$E$4:$E$403*INDEX(재고실사!$F$4:$R$403,0,$A15+0)),SUMPRODUCT((재고실사!$W$4:$W$403="식재료")*(재고실사!$A$4:$A$403=기본설정!$C$6)*재고실사!$E$4:$E$403*INDEX(재고실사!$F$4:$R$403,0,$A15+0)))+IF(기본설정!$C$6="전체",SUMIFS(매입장!$I$4:$I$1503,매입장!$P$4:$P$1503,"식재료",매입장!$A$4:$A$1503,">="&DATE(기본설정!$C$4,$A15,1),매입장!$A$4:$A$1503,"<"&DATE(기본설정!$C$4,$A15+1,1)),SUMIFS(매입장!$I$4:$I$1503,매입장!$P$4:$P$1503,"식재료",매입장!$A$4:$A$1503,">="&DATE(기본설정!$C$4,$A15,1),매입장!$A$4:$A$1503,"<"&DATE(기본설정!$C$4,$A15+1,1),매입장!$B$4:$B$1503,기본설정!$C$6))-IF(기본설정!$C$6="전체",SUMPRODUCT((재고실사!$W$4:$W$403="식재료")*재고실사!$E$4:$E$403*INDEX(재고실사!$F$4:$R$403,0,$A15+1)),SUMPRODUCT((재고실사!$W$4:$W$403="식재료")*(재고실사!$A$4:$A$403=기본설정!$C$6)*재고실사!$E$4:$E$403*INDEX(재고실사!$F$4:$R$403,0,$A15+1))) -> 0 | H15: =IFERROR(G15/C15,0) -> 0 | I15: =IF(기본설정!$C$6="전체",SUMIFS(매입장!$I$4:$I$1503,매입장!$P$4:$P$1503,"주류·음료",매입장!$A$4:$A$1503,">="&DATE(기본설정!$C$4,$A15,1),매입장!$A$4:$A$1503,"<"&DATE(기본설정!$C$4,$A15+1,1)),SUMIFS(매입장!$I$4:$I$1503,매입장!$P$4:$P$1503,"주류·음료",매입장!$A$4:$A$1503,">="&DATE(기본설정!$C$4,$A15,1),매입장!$A$4:$A$1503,"<"&DATE(기본설정!$C$4,$A15+1,1),매입장!$B$4:$B$1503,기본설정!$C$6)) -> 0 | J15: =IF(기본설정!$C$6="전체",SUMPRODUCT((재고실사!$W$4:$W$403="주류·음료")*재고실사!$E$4:$E$403*INDEX(재고실사!$F$4:$R$403,0,$A15+0)),SUMPRODUCT((재고실사!$W$4:$W$403="주류·음료")*(재고실사!$A$4:$A$403=기본설정!$C$6)*재고실사!$E$4:$E$403*INDEX(재고실사!$F$4:$R$403,0,$A15+0)))+IF(기본설정!$C$6="전체",SUMIFS(매입장!$I$4:$I$1503,매입장!$P$4:$P$1503,"주류·음료",매입장!$A$4:$A$1503,">="&DATE(기본설정!$C$4,$A15,1),매입장!$A$4:$A$1503,"<"&DATE(기본설정!$C$4,$A15+1,1)),SUMIFS(매입장!$I$4:$I$1503,매입장!$P$4:$P$1503,"주류·음료",매입장!$A$4:$A$1503,">="&DATE(기본설정!$C$4,$A15,1),매입장!$A$4:$A$1503,"<"&DATE(기본설정!$C$4,$A15+1,1),매입장!$B$4:$B$1503,기본설정!$C$6))-IF(기본설정!$C$6="전체",SUMPRODUCT((재고실사!$W$4:$W$403="주류·음료")*재고실사!$E$4:$E$403*INDEX(재고실사!$F$4:$R$403,0,$A15+1)),SUMPRODUCT((재고실사!$W$4:$W$403="주류·음료")*(재고실사!$A$4:$A$403=기본설정!$C$6)*재고실사!$E$4:$E$403*INDEX(재고실사!$F$4:$R$403,0,$A15+1))) -> 0 | K15: =IFERROR(J15/D15,0) -> 0 | L15: =IF(기본설정!$C$6="전체",SUMPRODUCT((재고실사!$W$4:$W$403="소모품")*재고실사!$E$4:$E$403*INDEX(재고실사!$F$4:$R$403,0,$A15+0)),SUMPRODUCT((재고실사!$W$4:$W$403="소모품")*(재고실사!$A$4:$A$403=기본설정!$C$6)*재고실사!$E$4:$E$403*INDEX(재고실사!$F$4:$R$403,0,$A15+0)))+IF(기본설정!$C$6="전체",SUMIFS(매입장!$I$4:$I$1503,매입장!$P$4:$P$1503,"소모품",매입장!$A$4:$A$1503,">="&DATE(기본설정!$C$4,$A15,1),매입장!$A$4:$A$1503,"<"&DATE(기본설정!$C$4,$A15+1,1)),SUMIFS(매입장!$I$4:$I$1503,매입장!$P$4:$P$1503,"소모품",매입장!$A$4:$A$1503,">="&DATE(기본설정!$C$4,$A15,1),매입장!$A$4:$A$1503,"<"&DATE(기본설정!$C$4,$A15+1,1),매입장!$B$4:$B$1503,기본설정!$C$6))-IF(기본설정!$C$6="전체",SUMPRODUCT((재고실사!$W$4:$W$403="소모품")*재고실사!$E$4:$E$403*INDEX(재고실사!$F$4:$R$403,0,$A15+1)),SUMPRODUCT((재고실사!$W$4:$W$403="소모품")*(재고실사!$A$4:$A$403=기본설정!$C$6)*재고실사!$E$4:$E$403*INDEX(재고실사!$F$4:$R$403,0,$A15+1))) -> 0 | M15: =G15+J15+L15 -> 0 | N15: =IFERROR(M15/E15,0) -> 0 | O15: =E15-M15 -> 0 | P15: =IFERROR(O15/E15,0) -> 0 | Q15: =IF(기본설정!$C$6="전체",SUMIFS(매출일보!$J$4:$J$403,매출일보!$A$4:$A$403,">="&DATE(기본설정!$C$4,$A15,1),매출일보!$A$4:$A$403,"<"&DATE(기본설정!$C$4,$A15+1,1)),SUMIFS(매출일보!$J$4:$J$403,매출일보!$A$4:$A$403,">="&DATE(기본설정!$C$4,$A15,1),매출일보!$A$4:$A$403,"<"&DATE(기본설정!$C$4,$A15+1,1),매출일보!$B$4:$B$403,기본설정!$C$6)) -> 0 | R15: =IFERROR(B15/Q15,0) -> 0 | S15: =IF(SUMPRODUCT(--(INDEX(재고실사!$F$4:$R$403,0,$A15+1)<>""))>0,"입력","미입력") -> 미입력
A16: 12 | B16: =IF(기본설정!$C$6="전체",SUMIFS(매출일보!$G$4:$G$403,매출일보!$A$4:$A$403,">="&DATE(기본설정!$C$4,$A16,1),매출일보!$A$4:$A$403,"<"&DATE(기본설정!$C$4,$A16+1,1)),SUMIFS(매출일보!$G$4:$G$403,매출일보!$A$4:$A$403,">="&DATE(기본설정!$C$4,$A16,1),매출일보!$A$4:$A$403,"<"&DATE(기본설정!$C$4,$A16+1,1),매출일보!$B$4:$B$403,기본설정!$C$6)) -> 0 | C16: =IF(기본설정!$C$6="전체",SUMIFS(매출일보!$I$4:$I$403,매출일보!$A$4:$A$403,">="&DATE(기본설정!$C$4,$A16,1),매출일보!$A$4:$A$403,"<"&DATE(기본설정!$C$4,$A16+1,1)),SUMIFS(매출일보!$I$4:$I$403,매출일보!$A$4:$A$403,">="&DATE(기본설정!$C$4,$A16,1),매출일보!$A$4:$A$403,"<"&DATE(기본설정!$C$4,$A16+1,1),매출일보!$B$4:$B$403,기본설정!$C$6))/1.1 -> 0 | D16: =IF(기본설정!$C$6="전체",SUMIFS(매출일보!$H$4:$H$403,매출일보!$A$4:$A$403,">="&DATE(기본설정!$C$4,$A16,1),매출일보!$A$4:$A$403,"<"&DATE(기본설정!$C$4,$A16+1,1)),SUMIFS(매출일보!$H$4:$H$403,매출일보!$A$4:$A$403,">="&DATE(기본설정!$C$4,$A16,1),매출일보!$A$4:$A$403,"<"&DATE(기본설정!$C$4,$A16+1,1),매출일보!$B$4:$B$403,기본설정!$C$6))/1.1 -> 0 | E16: =C16+D16 -> 0 | F16: =IF(기본설정!$C$6="전체",SUMIFS(매입장!$I$4:$I$1503,매입장!$P$4:$P$1503,"식재료",매입장!$A$4:$A$1503,">="&DATE(기본설정!$C$4,$A16,1),매입장!$A$4:$A$1503,"<"&DATE(기본설정!$C$4,$A16+1,1)),SUMIFS(매입장!$I$4:$I$1503,매입장!$P$4:$P$1503,"식재료",매입장!$A$4:$A$1503,">="&DATE(기본설정!$C$4,$A16,1),매입장!$A$4:$A$1503,"<"&DATE(기본설정!$C$4,$A16+1,1),매입장!$B$4:$B$1503,기본설정!$C$6)) -> 0 | G16: =IF(기본설정!$C$6="전체",SUMPRODUCT((재고실사!$W$4:$W$403="식재료")*재고실사!$E$4:$E$403*INDEX(재고실사!$F$4:$R$403,0,$A16+0)),SUMPRODUCT((재고실사!$W$4:$W$403="식재료")*(재고실사!$A$4:$A$403=기본설정!$C$6)*재고실사!$E$4:$E$403*INDEX(재고실사!$F$4:$R$403,0,$A16+0)))+IF(기본설정!$C$6="전체",SUMIFS(매입장!$I$4:$I$1503,매입장!$P$4:$P$1503,"식재료",매입장!$A$4:$A$1503,">="&DATE(기본설정!$C$4,$A16,1),매입장!$A$4:$A$1503,"<"&DATE(기본설정!$C$4,$A16+1,1)),SUMIFS(매입장!$I$4:$I$1503,매입장!$P$4:$P$1503,"식재료",매입장!$A$4:$A$1503,">="&DATE(기본설정!$C$4,$A16,1),매입장!$A$4:$A$1503,"<"&DATE(기본설정!$C$4,$A16+1,1),매입장!$B$4:$B$1503,기본설정!$C$6))-IF(기본설정!$C$6="전체",SUMPRODUCT((재고실사!$W$4:$W$403="식재료")*재고실사!$E$4:$E$403*INDEX(재고실사!$F$4:$R$403,0,$A16+1)),SUMPRODUCT((재고실사!$W$4:$W$403="식재료")*(재고실사!$A$4:$A$403=기본설정!$C$6)*재고실사!$E$4:$E$403*INDEX(재고실사!$F$4:$R$403,0,$A16+1))) -> 0 | H16: =IFERROR(G16/C16,0) -> 0 | I16: =IF(기본설정!$C$6="전체",SUMIFS(매입장!$I$4:$I$1503,매입장!$P$4:$P$1503,"주류·음료",매입장!$A$4:$A$1503,">="&DATE(기본설정!$C$4,$A16,1),매입장!$A$4:$A$1503,"<"&DATE(기본설정!$C$4,$A16+1,1)),SUMIFS(매입장!$I$4:$I$1503,매입장!$P$4:$P$1503,"주류·음료",매입장!$A$4:$A$1503,">="&DATE(기본설정!$C$4,$A16,1),매입장!$A$4:$A$1503,"<"&DATE(기본설정!$C$4,$A16+1,1),매입장!$B$4:$B$1503,기본설정!$C$6)) -> 0 | J16: =IF(기본설정!$C$6="전체",SUMPRODUCT((재고실사!$W$4:$W$403="주류·음료")*재고실사!$E$4:$E$403*INDEX(재고실사!$F$4:$R$403,0,$A16+0)),SUMPRODUCT((재고실사!$W$4:$W$403="주류·음료")*(재고실사!$A$4:$A$403=기본설정!$C$6)*재고실사!$E$4:$E$403*INDEX(재고실사!$F$4:$R$403,0,$A16+0)))+IF(기본설정!$C$6="전체",SUMIFS(매입장!$I$4:$I$1503,매입장!$P$4:$P$1503,"주류·음료",매입장!$A$4:$A$1503,">="&DATE(기본설정!$C$4,$A16,1),매입장!$A$4:$A$1503,"<"&DATE(기본설정!$C$4,$A16+1,1)),SUMIFS(매입장!$I$4:$I$1503,매입장!$P$4:$P$1503,"주류·음료",매입장!$A$4:$A$1503,">="&DATE(기본설정!$C$4,$A16,1),매입장!$A$4:$A$1503,"<"&DATE(기본설정!$C$4,$A16+1,1),매입장!$B$4:$B$1503,기본설정!$C$6))-IF(기본설정!$C$6="전체",SUMPRODUCT((재고실사!$W$4:$W$403="주류·음료")*재고실사!$E$4:$E$403*INDEX(재고실사!$F$4:$R$403,0,$A16+1)),SUMPRODUCT((재고실사!$W$4:$W$403="주류·음료")*(재고실사!$A$4:$A$403=기본설정!$C$6)*재고실사!$E$4:$E$403*INDEX(재고실사!$F$4:$R$403,0,$A16+1))) -> 0 | K16: =IFERROR(J16/D16,0) -> 0 | L16: =IF(기본설정!$C$6="전체",SUMPRODUCT((재고실사!$W$4:$W$403="소모품")*재고실사!$E$4:$E$403*INDEX(재고실사!$F$4:$R$403,0,$A16+0)),SUMPRODUCT((재고실사!$W$4:$W$403="소모품")*(재고실사!$A$4:$A$403=기본설정!$C$6)*재고실사!$E$4:$E$403*INDEX(재고실사!$F$4:$R$403,0,$A16+0)))+IF(기본설정!$C$6="전체",SUMIFS(매입장!$I$4:$I$1503,매입장!$P$4:$P$1503,"소모품",매입장!$A$4:$A$1503,">="&DATE(기본설정!$C$4,$A16,1),매입장!$A$4:$A$1503,"<"&DATE(기본설정!$C$4,$A16+1,1)),SUMIFS(매입장!$I$4:$I$1503,매입장!$P$4:$P$1503,"소모품",매입장!$A$4:$A$1503,">="&DATE(기본설정!$C$4,$A16,1),매입장!$A$4:$A$1503,"<"&DATE(기본설정!$C$4,$A16+1,1),매입장!$B$4:$B$1503,기본설정!$C$6))-IF(기본설정!$C$6="전체",SUMPRODUCT((재고실사!$W$4:$W$403="소모품")*재고실사!$E$4:$E$403*INDEX(재고실사!$F$4:$R$403,0,$A16+1)),SUMPRODUCT((재고실사!$W$4:$W$403="소모품")*(재고실사!$A$4:$A$403=기본설정!$C$6)*재고실사!$E$4:$E$403*INDEX(재고실사!$F$4:$R$403,0,$A16+1))) -> 0 | M16: =G16+J16+L16 -> 0 | N16: =IFERROR(M16/E16,0) -> 0 | O16: =E16-M16 -> 0 | P16: =IFERROR(O16/E16,0) -> 0 | Q16: =IF(기본설정!$C$6="전체",SUMIFS(매출일보!$J$4:$J$403,매출일보!$A$4:$A$403,">="&DATE(기본설정!$C$4,$A16,1),매출일보!$A$4:$A$403,"<"&DATE(기본설정!$C$4,$A16+1,1)),SUMIFS(매출일보!$J$4:$J$403,매출일보!$A$4:$A$403,">="&DATE(기본설정!$C$4,$A16,1),매출일보!$A$4:$A$403,"<"&DATE(기본설정!$C$4,$A16+1,1),매출일보!$B$4:$B$403,기본설정!$C$6)) -> 0 | R16: =IFERROR(B16/Q16,0) -> 0 | S16: =IF(SUMPRODUCT(--(INDEX(재고실사!$F$4:$R$403,0,$A16+1)<>""))>0,"입력","미입력") -> 미입력
A17: 합계 | B17: =SUM(B5:B16) -> 2300000 | C17: =SUM(C5:C16) -> 1618181.8 | D17: =SUM(D5:D16) -> 472727.27 | E17: =SUM(E5:E16) -> 2090909.1 | F17: =SUM(F5:F16) -> 415000 | G17: =SUM(G5:G16) -> 415000 | H17: =IFERROR(G17/C17,0) -> 0.25646067 | I17: =SUM(I5:I16) -> 288000 | J17: =SUM(J5:J16) -> 288000 | K17: =IFERROR(J17/D17,0) -> 0.60923077 | L17: =SUM(L5:L16) -> 0 | M17: =SUM(M5:M16) -> 703000 | N17: =IFERROR(M17/E17,0) -> 0.33621739 | O17: =SUM(O5:O16) -> 1387909.1 | P17: =IFERROR(O17/E17,0) -> 0.66378261 | Q17: =SUM(Q5:Q16) -> 62 | R17: =IFERROR(B17/Q17,0) -> 37096.774
A19: ※ 원가율 색상: 초록 = 목표 이하, 주황 = 목표 초과, 빨강 = 목표 + 허용폭 초과.

Sheet 식자재단가
A1: 식자재 단가표 (품목 마스터)
A2: 구매가격은 공급가액(부가세 제외). 단가가 바뀌면 [이전 구매가]에 옛 가격을 옮기고 [구매가격]을 고치면 변동률이 표시됩니다. ※ 미리 넣은 단가는 예시 추정치 — 실제 거래명세서 단가로 교체하세요.
A3: 코드 | B3: 분류 | C3: 품목명 | D3: 규격·원산지 | E3: 주거래처 | F3: 구매단위 | G3: 구매가격 (공급가, 원) | H3: 구매단위당 용량 | I3: 기준 단위 | J3: 기준단위당 단가(원) | K3: 수율 (손질·해동후) | L3: 실사용 단가 (원/기준단위) | M3: 과세 구분 | N3: 단가 변경일 | O3: 이전 구매가 | P3: 단가 변동률
A4: M01 | B4: 양고기 | C4: 양다리(뼈포함·냉동) | D4: 호주산 | E4: 양고기 거래처 | F4: kg | G4: 14000 | H4: 1000 | I4: g | J4: =IF(OR(G4="",H4="",H4=0),"",G4/H4) -> 14 | K4: 0.95 | L4: =IF(J4="","",J4/IF(OR(K4="",K4=0),1,K4)) -> 14.736842 | M4: 면세 | P4: =IF(OR(O4="",O4=0,G4=""),"",G4/O4-1)
A5: M02 | B5: 양고기 | C5: 양갈비 프렌치랙(냉동) | D5: 호주산 | E5: 양고기 거래처 | F5: kg | G5: 32000 | H5: 1000 | I5: g | J5: =IF(OR(G5="",H5="",H5=0),"",G5/H5) -> 32 | K5: 0.92 | L5: =IF(J5="","",J5/IF(OR(K5="",K5=0),1,K5)) -> 34.782609 | M5: 면세 | P5: =IF(OR(O5="",O5=0,G5=""),"",G5/O5-1)
A6: M03 | B6: 양고기 | C6: 생양꼬치(완제품) | D6: 100개입 | E6: 양꼬치 거래처 | F6: 박스 | G6: 45000 | H6: 100 | I6: 개 | J6: =IF(OR(G6="",H6="",H6=0),"",G6/H6) -> 450 | K6: 1 | L6: =IF(J6="","",J6/IF(OR(K6="",K6=0),1,K6)) -> 450 | M6: 면세 | P6: =IF(OR(O6="",O6=0,G6=""),"",G6/O6-1)
A7: M04 | B7: 양고기 | C7: 양념양꼬치(완제품) | D7: 100개입 | E7: 양꼬치 거래처 | F7: 박스 | G7: 52000 | H7: 100 | I7: 개 | J7: =IF(OR(G7="",H7="",H7=0),"",G7/H7) -> 520 | K7: 1 | L7: =IF(J7="","",J7/IF(OR(K7="",K7=0),1,K7)) -> 520 | M7: 과세 | P7: =IF(OR(O7="",O7=0,G7=""),"",G7/O7-1)
A8: M05 | B8: 양고기 | C8: 양갈비살꼬치(완제품) | D8: 100개입 | E8: 양꼬치 거래처 | F8: 박스 | G8: 62000 | H8: 100 | I8: 개 | J8: =IF(OR(G8="",H8="",H8=0),"",G8/H8) -> 620 | K8: 1 | L8: =IF(J8="","",J8/IF(OR(K8="",K8=0),1,K8)) -> 620 | M8: 면세 | P8: =IF(OR(O8="",O8=0,G8=""),"",G8/O8-1)
A9: M06 | B9: 양고기 | C9: 양어깨살(볶음·탕용) | D9: 호주산 | E9: 양고기 거래처 | F9: kg | G9: 18000 | H9: 1000 | I9: g | J9: =IF(OR(G9="",H9="",H9=0),"",G9/H9) -> 18 | K9: 0.9 | L9: =IF(J9="","",J9/IF(OR(K9="",K9=0),1,K9)) -> 20 | M9: 면세 | P9: =IF(OR(O9="",O9=0,G9=""),"",G9/O9-1)
A10: P01 | B10: 기타육류 | C10: 돼지 등심(꿔바로우용) | D10: 국내산 | E10: 정육 거래처 | F10: kg | G10: 11000 | H10: 1000 | I10: g | J10: =IF(OR(G10="",H10="",H10=0),"",G10/H10) -> 11 | K10: 0.9 | L10: =IF(J10="","",J10/IF(OR(K10="",K10=0),1,K10)) -> 12.222222 | M10: 면세 | P10: =IF(OR(O10="",O10=0,G10=""),"",G10/O10-1)
A11: P02 | B11: 기타육류 | C11: 돼지 앞다리 채(육사용) | D11: 국내산 | E11: 정육 거래처 | F11: kg | G11: 9000 | H11: 1000 | I11: g | J11: =IF(OR(G11="",H11="",H11=0),"",G11/H11) -> 9 | K11: 0.95 | L11: =IF(J11="","",J11/IF(OR(K11="",K11=0),1,K11)) -> 9.4736842 | M11: 면세 | P11: =IF(OR(O11="",O11=0,G11=""),"",G11/O11-1)
A12: S01 | B12: 수산물 | C12: 새우꼬치(완제품) | D12: 50개입 | E12: 양꼬치 거래처 | F12: 박스 | G12: 35000 | H12: 50 | I12: 개 | J12: =IF(OR(G12="",H12="",H12=0),"",G12/H12) -> 700 | K12: 1 | L12: =IF(J12="","",J12/IF(OR(K12="",K12=0),1,K12)) -> 700 | M12: 면세 | P12: =IF(OR(O12="",O12=0,G12=""),"",G12/O12-1)
A13: S02 | B13: 수산물 | C13: 대하(냉동) | D13: 수입 | E13: 수산 거래처 | F13: kg | G13: 24000 | H13: 1000 | I13: g | J13: =IF(OR(G13="",H13="",H13=0),"",G13/H13) -> 24 | K13: 0.85 | L13: =IF(J13="","",J13/IF(OR(K13="",K13=0),1,K13)) -> 28.235294 | M13: 면세 | P13: =IF(OR(O13="",O13=0,G13=""),"",G13/O13-1)
A14: S03 | B14: 수산물 | C14: 민물가재(냉동) | D14: 중국산 | E14: 수산 거래처 | F14: kg | G14: 18000 | H14: 1000 | I14: g | J14: =IF(OR(G14="",H14="",H14=0),"",G14/H14) -> 18 | K14: 0.95 | L14: =IF(J14="","",J14/IF(OR(K14="",K14=0),1,K14)) -> 18.947368 | M14: 면세 | P14: =IF(OR(O14="",O14=0,G14=""),"",G14/O14-1)
A15: V01 | B15: 채소·과일 | C15: 가지 | D15: 국내산 | E15: 채소 거래처 | F15: kg | G15: 4500 | H15: 1000 | I15: g | J15: =IF(OR(G15="",H15="",H15=0),"",G15/H15) -> 4.5 | K15: 0.9 | L15: =IF(J15="","",J15/IF(OR(K15="",K15=0),1,K15)) -> 5 | M15: 면세 | P15: =IF(OR(O15="",O15=0,G15=""),"",G15/O15-1)
... A76: C04 | B76: 숯·소모품·포장 | C76: 포장용기 세트 | D76: 100개 | E76: 소모품 거래처 | F76: 박스 | G76: 25000 | H76: 100 | I76: 개 | J76: =IF(OR(G76="",H76="",H76=0),"",G76/H76) -> 250 | K76: 1 | L76: =IF(J76="","",J76/IF(OR(K76="",K76=0),1,K76)) -> 250 | M76: 과세 | P76: =IF(OR(O76="",O76=0,G76=""),"",G76/O76-1)
J77: =IF(OR(G77="",H77="",H77=0),"",G77/H77) | L77: =IF(J77="","",J77/IF(OR(K77="",K77=0),1,K77)) | P77: =IF(OR(O77="",O77=0,G77=""),"",G77/O77-1)
J78: =IF(OR(G78="",H78="",H78=0),"",G78/H78) | L78: =IF(J78="","",J78/IF(OR(K78="",K78=0),1,K78)) | P78: =IF(OR(O78="",O78=0,G78=""),"",G78/O78-1)
J79: =IF(OR(G79="",H79="",H79=0),"",G79/H79) | L79: =IF(J79="","",J79/IF(OR(K79="",K79=0),1,K79)) | P79: =IF(OR(O79="",O79=0,G79=""),"",G79/O79-1)
J80: =IF(OR(G80="",H80="",H80=0),"",G80/H80) | L80: =IF(J80="","",J80/IF(OR(K80="",K80=0),1,K80)) | P80: =IF(OR(O80="",O80=0,G80=""),"",G80/O80-1)
J81: =IF(OR(G81="",H81="",H81=0),"",G81/H81) | L81: =IF(J81="","",J81/IF(OR(K81="",K81=0),1,K81)) | P81: =IF(OR(O81="",O81=0,G81=""),"",G81/O81-1)
J82: =IF(OR(G82="",H82="",H82=0),"",G82/H82) | L82: =IF(J82="","",J82/IF(OR(K82="",K82=0),1,K82)) | P82: =IF(OR(O82="",O82=0,G82=""),"",G82/O82-1)
J83: =IF(OR(G83="",H83="",H83=0),"",G83/H83) | L83: =IF(J83="","",J83/IF(OR(K83="",K83=0),1,K83)) | P83: =IF(OR(O83="",O83=0,G83=""),"",G83/O83-1)
J84: =IF(OR(G84="",H84="",H84=0),"",G84/H84) | L84: =IF(J84="","",J84/IF(OR(K84="",K84=0),1,K84)) | P84: =IF(OR(O84="",O84=0,G84=""),"",G84/O84-1)
J85: =IF(OR(G85="",H85="",H85=0),"",G85/H85) | L85: =IF(J85="","",J85/IF(OR(K85="",K85=0),1,K85)) | P85: =IF(OR(O85="",O85=0,G85=""),"",G85/O85-1)
J86: =IF(OR(G86="",H86="",H86=0),"",G86/H86) | L86: =IF(J86="","",J86/IF(OR(K86="",K86=0),1,K86)) | P86: =IF(OR(O86="",O86=0,G86=""),"",G86/O86-1)
J87: =IF(OR(G87="",H87="",H87=0),"",G87/H87) | L87: =IF(J87="","",J87/IF(OR(K87="",K87=0),1,K87)) | P87: =IF(OR(O87="",O87=0,G87=""),"",G87/O87-1)
J88: =IF(OR(G88="",H88="",H88=0),"",G88/H88) | L88: =IF(J88="","",J88/IF(OR(K88="",K88=0),1,K88)) | P88: =IF(OR(O88="",O88=0,G88=""),"",G88/O88-1)
... J203: =IF(OR(G203="",H203="",H203=0),"",G203/H203) | L203: =IF(J203="","",J203/IF(OR(K203="",K203=0),1,K203)) | P203: =IF(OR(O203="",O203=0,G203=""),"",G203/O203-1)

Sheet 레시피
A1: 표준 레시피 (메뉴 1인분 기준)
A2: 메뉴명·재료·사용량만 입력하면 단위·단가·원가가 자동 계산됩니다. 사용량 단위는 식자재단가의 기준단위(g·ml·개)와 같아야 합니다. ※ 사용량은 예시 추정치 — 실제 계량값으로 수정하세요.
A3: 메뉴명 | B3: 재료(품목명) | C3: 1인분 사용량 | D3: 단위 | E3: 실사용 단가 (원/단위) | F3: 재료원가 (원) | G3: 메모
A4: 양다리구이 (대) | B4: 양다리(뼈포함·냉동) | C4: 1800 | D4: =IF(B4="","",IFERROR(INDEX(식자재단가!$I$4:$I$203,MATCH(B4,식자재단가!$C$4:$C$203,0)),"?")) -> g | E4: =IF(B4="","",IFERROR(INDEX(식자재단가!$L$4:$L$203,MATCH(B4,식자재단가!$C$4:$C$203,0)),"품목없음")) -> 14.736842 | F4: =IF(OR(B4="",C4=""),"",IF(ISNUMBER(E4),C4*E4,0)) -> 26526.316
A5: 양다리구이 (대) | B5: 쯔란 시즈닝 | C5: 30 | D5: =IF(B5="","",IFERROR(INDEX(식자재단가!$I$4:$I$203,MATCH(B5,식자재단가!$C$4:$C$203,0)),"?")) -> g | E5: =IF(B5="","",IFERROR(INDEX(식자재단가!$L$4:$L$203,MATCH(B5,식자재단가!$C$4:$C$203,0)),"품목없음")) -> 15 | F5: =IF(OR(B5="",C5=""),"",IF(ISNUMBER(E5),C5*E5,0)) -> 450
A6: 양다리구이 (대) | B6: 양파 | C6: 100 | D6: =IF(B6="","",IFERROR(INDEX(식자재단가!$I$4:$I$203,MATCH(B6,식자재단가!$C$4:$C$203,0)),"?")) -> g | E6: =IF(B6="","",IFERROR(INDEX(식자재단가!$L$4:$L$203,MATCH(B6,식자재단가!$C$4:$C$203,0)),"품목없음")) -> 2 | F6: =IF(OR(B6="",C6=""),"",IF(ISNUMBER(E6),C6*E6,0)) -> 200
A7: 양다리구이 (대) | B7: 고수 | C7: 20 | D7: =IF(B7="","",IFERROR(INDEX(식자재단가!$I$4:$I$203,MATCH(B7,식자재단가!$C$4:$C$203,0)),"?")) -> g | E7: =IF(B7="","",IFERROR(INDEX(식자재단가!$L$4:$L$203,MATCH(B7,식자재단가!$C$4:$C$203,0)),"품목없음")) -> 15 | F7: =IF(OR(B7="",C7=""),"",IF(ISNUMBER(E7),C7*E7,0)) -> 300
A8: 양다리구이 (중) | B8: 양다리(뼈포함·냉동) | C8: 1400 | D8: =IF(B8="","",IFERROR(INDEX(식자재단가!$I$4:$I$203,MATCH(B8,식자재단가!$C$4:$C$203,0)),"?")) -> g | E8: =IF(B8="","",IFERROR(INDEX(식자재단가!$L$4:$L$203,MATCH(B8,식자재단가!$C$4:$C$203,0)),"품목없음")) -> 14.736842 | F8: =IF(OR(B8="",C8=""),"",IF(ISNUMBER(E8),C8*E8,0)) -> 20631.579
A9: 양다리구이 (중) | B9: 쯔란 시즈닝 | C9: 25 | D9: =IF(B9="","",IFERROR(INDEX(식자재단가!$I$4:$I$203,MATCH(B9,식자재단가!$C$4:$C$203,0)),"?")) -> g | E9: =IF(B9="","",IFERROR(INDEX(식자재단가!$L$4:$L$203,MATCH(B9,식자재단가!$C$4:$C$203,0)),"품목없음")) -> 15 | F9: =IF(OR(B9="",C9=""),"",IF(ISNUMBER(E9),C9*E9,0)) -> 375
A10: 양다리구이 (중) | B10: 양파 | C10: 80 | D10: =IF(B10="","",IFERROR(INDEX(식자재단가!$I$4:$I$203,MATCH(B10,식자재단가!$C$4:$C$203,0)),"?")) -> g | E10: =IF(B10="","",IFERROR(INDEX(식자재단가!$L$4:$L$203,MATCH(B10,식자재단가!$C$4:$C$203,0)),"품목없음")) -> 2 | F10: =IF(OR(B10="",C10=""),"",IF(ISNUMBER(E10),C10*E10,0)) -> 160
A11: 양다리구이 (중) | B11: 고수 | C11: 15 | D11: =IF(B11="","",IFERROR(INDEX(식자재단가!$I$4:$I$203,MATCH(B11,식자재단가!$C$4:$C$203,0)),"?")) -> g | E11: =IF(B11="","",IFERROR(INDEX(식자재단가!$L$4:$L$203,MATCH(B11,식자재단가!$C$4:$C$203,0)),"품목없음")) -> 15 | F11: =IF(OR(B11="",C11=""),"",IF(ISNUMBER(E11),C11*E11,0)) -> 225
A12: 고급양갈비 | B12: 양갈비 프렌치랙(냉동) | C12: 300 | D12: =IF(B12="","",IFERROR(INDEX(식자재단가!$I$4:$I$203,MATCH(B12,식자재단가!$C$4:$C$203,0)),"?")) -> g | E12: =IF(B12="","",IFERROR(INDEX(식자재단가!$L$4:$L$203,MATCH(B12,식자재단가!$C$4:$C$203,0)),"품목없음")) -> 34.782609 | F12: =IF(OR(B12="",C12=""),"",IF(ISNUMBER(E12),C12*E12,0)) -> 10434.783
A13: 고급양갈비 | B13: 쯔란 시즈닝 | C13: 10 | D13: =IF(B13="","",IFERROR(INDEX(식자재단가!$I$4:$I$203,MATCH(B13,식자재단가!$C$4:$C$203,0)),"?")) -> g | E13: =IF(B13="","",IFERROR(INDEX(식자재단가!$L$4:$L$203,MATCH(B13,식자재단가!$C$4:$C$203,0)),"품목없음")) -> 15 | F13: =IF(OR(B13="",C13=""),"",IF(ISNUMBER(E13),C13*E13,0)) -> 150
A14: 생양꼬치 | B14: 생양꼬치(완제품) | C14: 10 | D14: =IF(B14="","",IFERROR(INDEX(식자재단가!$I$4:$I$203,MATCH(B14,식자재단가!$C$4:$C$203,0)),"?")) -> 개 | E14: =IF(B14="","",IFERROR(INDEX(식자재단가!$L$4:$L$203,MATCH(B14,식자재단가!$C$4:$C$203,0)),"품목없음")) -> 450 | F14: =IF(OR(B14="",C14=""),"",IF(ISNUMBER(E14),C14*E14,0)) -> 4500
A15: 생양꼬치 | B15: 쯔란 시즈닝 | C15: 10 | D15: =IF(B15="","",IFERROR(INDEX(식자재단가!$I$4:$I$203,MATCH(B15,식자재단가!$C$4:$C$203,0)),"?")) -> g | E15: =IF(B15="","",IFERROR(INDEX(식자재단가!$L$4:$L$203,MATCH(B15,식자재단가!$C$4:$C$203,0)),"품목없음")) -> 15 | F15: =IF(OR(B15="",C15=""),"",IF(ISNUMBER(E15),C15*E15,0)) -> 150
... A177: 연태하이볼 | B177: 레몬 | C177: 0.125 | D177: =IF(B177="","",IFERROR(INDEX(식자재단가!$I$4:$I$203,MATCH(B177,식자재단가!$C$4:$C$203,0)),"?")) -> 개 | E177: =IF(B177="","",IFERROR(INDEX(식자재단가!$L$4:$L$203,MATCH(B177,식자재단가!$C$4:$C$203,0)),"품목없음")) -> 600 | F177: =IF(OR(B177="",C177=""),"",IF(ISNUMBER(E177),C177*E177,0)) -> 75
D178: =IF(B178="","",IFERROR(INDEX(식자재단가!$I$4:$I$203,MATCH(B178,식자재단가!$C$4:$C$203,0)),"?")) | E178: =IF(B178="","",IFERROR(INDEX(식자재단가!$L$4:$L$203,MATCH(B178,식자재단가!$C$4:$C$203,0)),"품목없음")) | F178: =IF(OR(B178="",C178=""),"",IF(ISNUMBER(E178),C178*E178,0))
D179: =IF(B179="","",IFERROR(INDEX(식자재단가!$I$4:$I$203,MATCH(B179,식자재단가!$C$4:$C$203,0)),"?")) | E179: =IF(B179="","",IFERROR(INDEX(식자재단가!$L$4:$L$203,MATCH(B179,식자재단가!$C$4:$C$203,0)),"품목없음")) | F179: =IF(OR(B179="",C179=""),"",IF(ISNUMBER(E179),C179*E179,0))
D180: =IF(B180="","",IFERROR(INDEX(식자재단가!$I$4:$I$203,MATCH(B180,식자재단가!$C$4:$C$203,0)),"?")) | E180: =IF(B180="","",IFERROR(INDEX(식자재단가!$L$4:$L$203,MATCH(B180,식자재단가!$C$4:$C$203,0)),"품목없음")) | F180: =IF(OR(B180="",C180=""),"",IF(ISNUMBER(E180),C180*E180,0))
D181: =IF(B181="","",IFERROR(INDEX(식자재단가!$I$4:$I$203,MATCH(B181,식자재단가!$C$4:$C$203,0)),"?")) | E181: =IF(B181="","",IFERROR(INDEX(식자재단가!$L$4:$L$203,MATCH(B181,식자재단가!$C$4:$C$203,0)),"품목없음")) | F181: =IF(OR(B181="",C181=""),"",IF(ISNUMBER(E181),C181*E181,0))
D182: =IF(B182="","",IFERROR(INDEX(식자재단가!$I$4:$I$203,MATCH(B182,식자재단가!$C$4:$C$203,0)),"?")) | E182: =IF(B182="","",IFERROR(INDEX(식자재단가!$L$4:$L$203,MATCH(B182,식자재단가!$C$4:$C$203,0)),"품목없음")) | F182: =IF(OR(B182="",C182=""),"",IF(ISNUMBER(E182),C182*E182,0))
D183: =IF(B183="","",IFERROR(INDEX(식자재단가!$I$4:$I$203,MATCH(B183,식자재단가!$C$4:$C$203,0)),"?")) | E183: =IF(B183="","",IFERROR(INDEX(식자재단가!$L$4:$L$203,MATCH(B183,식자재단가!$C$4:$C$203,0)),"품목없음")) | F183: =IF(OR(B183="",C183=""),"",IF(ISNUMBER(E183),C183*E183,0))
D184: =IF(B184="","",IFERROR(INDEX(식자재단가!$I$4:$I$203,MATCH(B184,식자재단가!$C$4:$C$203,0)),"?")) | E184: =IF(B184="","",IFERROR(INDEX(식자재단가!$L$4:$L$203,MATCH(B184,식자재단가!$C$4:$C$203,0)),"품목없음")) | F184: =IF(OR(B184="",C184=""),"",IF(ISNUMBER(E184),C184*E184,0))
D185: =IF(B185="","",IFERROR(INDEX(식자재단가!$I$4:$I$203,MATCH(B185,식자재단가!$C$4:$C$203,0)),"?")) | E185: =IF(B185="","",IFERROR(INDEX(식자재단가!$L$4:$L$203,MATCH(B185,식자재단가!$C$4:$C$203,0)),"품목없음")) | F185: =IF(OR(B185="",C185=""),"",IF(ISNUMBER(E185),C185*E185,0))
D186: =IF(B186="","",IFERROR(INDEX(식자재단가!$I$4:$I$203,MATCH(B186,식자재단가!$C$4:$C$203,0)),"?")) | E186: =IF(B186="","",IFERROR(INDEX(식자재단가!$L$4:$L$203,MATCH(B186,식자재단가!$C$4:$C$203,0)),"품목없음")) | F186: =IF(OR(B186="",C186=""),"",IF(ISNUMBER(E186),C186*E186,0))
D187: =IF(B187="","",IFERROR(INDEX(식자재단가!$I$4:$I$203,MATCH(B187,식자재단가!$C$4:$C$203,0)),"?")) | E187: =IF(B187="","",IFERROR(INDEX(식자재단가!$L$4:$L$203,MATCH(B187,식자재단가!$C$4:$C$203,0)),"품목없음")) | F187: =IF(OR(B187="",C187=""),"",IF(ISNUMBER(E187),C187*E187,0))
D188: =IF(B188="","",IFERROR(INDEX(식자재단가!$I$4:$I$203,MATCH(B188,식자재단가!$C$4:$C$203,0)),"?")) | E188: =IF(B188="","",IFERROR(INDEX(식자재단가!$L$4:$L$203,MATCH(B188,식자재단가!$C$4:$C$203,0)),"품목없음")) | F188: =IF(OR(B188="",C188=""),"",IF(ISNUMBER(E188),C188*E188,0))
D189: =IF(B189="","",IFERROR(INDEX(식자재단가!$I$4:$I$203,MATCH(B189,식자재단가!$C$4:$C$203,0)),"?")) | E189: =IF(B189="","",IFERROR(INDEX(식자재단가!$L$4:$L$203,MATCH(B189,식자재단가!$C$4:$C$203,0)),"품목없음")) | F189: =IF(OR(B189="",C189=""),"",IF(ISNUMBER(E189),C189*E189,0))
... D603: =IF(B603="","",IFERROR(INDEX(식자재단가!$I$4:$I$203,MATCH(B603,식자재단가!$C$4:$C$203,0)),"?")) | E603: =IF(B603="","",IFERROR(INDEX(식자재단가!$L$4:$L$203,MATCH(B603,식자재단가!$C$4:$C$203,0)),"품목없음")) | F603: =IF(OR(B603="",C603=""),"",IF(ISNUMBER(E603),C603*E603,0))

Sheet 메뉴원가표
A1: 메뉴별 원가표 · 메뉴 분석
A2: 판매가는 VAT 포함 메뉴판 가격. 원가율은 공급가(판매가÷1.1) 기준. [월 판매수량]은 POS '메뉴별 판매현황'에서 조회월 수량을 입력하세요.
B3: 총 판매수량 | D3: 가중평균 공헌이익(원) | F3: 인기 기준수량(70% 법칙) | H3: 이론원가 합계(원) | J3: 이론 매출(공급가) | L3: 이론원가율
B4: =SUM(M6:M65) -> 0 | D4: =IFERROR(SUMPRODUCT(L6:L65,M6:M65)/B4,0) -> 0 | F4: =IFERROR(B4/COUNTA(B6:B65)*0.7,0) -> 0 | H4: =SUM(O6:O65) -> 0 | J4: =SUM(N6:N65) -> 0 | L4: =IFERROR(H4/J4,0) -> 0
A5: 메뉴분류 | B5: 메뉴명 | C5: 원가구분 | D5: 판매가 (VAT포함) | E5: 판매가 (공급가) | F5: 주재료원가 (레시피) | G5: 잡재료 가산 | H5: 1인분 원가 | I5: 원가율 | J5: 목표 원가율 | K5: 판정 | L5: 공헌이익 (1인분) | M5: 월 판매수량 | N5: 매출 (공급가) | O5: 이론원가 | P5: 매출 비중 | Q5: 메뉴분석
A6: 시그니처 양다리 | B6: 양다리구이 (대) | C6: 식재료 | D6: 90000 | E6: =IF(D6="","",D6/1.1) -> 81818.182 | F6: =IF(B6="","",SUMIF(레시피!$A$4:$A$603,B6,레시피!$F$4:$F$603)) -> 27476.316 | G6: =IF(B6="","",IF(C6="식재료",F6*기본설정!$C$7,0)) -> 1373.8158 | H6: =IF(B6="","",F6+G6) -> 28850.132 | I6: =IF(OR(B6="",D6=""),"",IFERROR(H6/E6,0)) -> 0.35261272 | J6: =IF(B6="","",IF(C6="주류·음료",기본설정!$C$9,기본설정!$C$8)) -> 0.35 | K6: =IF(B6="","",IF(D6="","판매가 미입력",IF(F6=0,"레시피 미입력",IF(I6>J6+기본설정!$C$10,"위험",IF(I6>J6,"주의","적정"))))) -> 주의 | L6: =IF(OR(B6="",D6=""),"",E6-H6) -> 52968.05 | N6: =IF(OR(M6="",E6=""),"",E6*M6) | O6: =IF(OR(M6="",H6=""),"",H6*M6) | P6: =IF(N6="","",IFERROR(N6/$J$4,0)) | Q6: =IF(OR(M6="",M6=0,L6=""),"",IF(AND(M6>=$F$4,L6>=$D$4),"스타 (유지·강조)",IF(M6>=$F$4,"인기·저마진 (원가↓·가격↑ 검토)",IF(L6>=$D$4,"고마진·비인기 (홍보 강화)","저인기·저마진 (정리 검토)"))))
A7: 시그니처 양다리 | B7: 양다리구이 (중) | C7: 식재료 | D7: 80000 | E7: =IF(D7="","",D7/1.1) -> 72727.273 | F7: =IF(B7="","",SUMIF(레시피!$A$4:$A$603,B7,레시피!$F$4:$F$603)) -> 21391.579 | G7: =IF(B7="","",IF(C7="식재료",F7*기본설정!$C$7,0)) -> 1069.5789 | H7: =IF(B7="","",F7+G7) -> 22461.158 | I7: =IF(OR(B7="",D7=""),"",IFERROR(H7/E7,0)) -> 0.30884092 | J7: =IF(B7="","",IF(C7="주류·음료",기본설정!$C$9,기본설정!$C$8)) -> 0.35 | K7: =IF(B7="","",IF(D7="","판매가 미입력",IF(F7=0,"레시피 미입력",IF(I7>J7+기본설정!$C$10,"위험",IF(I7>J7,"주의","적정"))))) -> 적정 | L7: =IF(OR(B7="",D7=""),"",E7-H7) -> 50266.115 | N7: =IF(OR(M7="",E7=""),"",E7*M7) | O7: =IF(OR(M7="",H7=""),"",H7*M7) | P7: =IF(N7="","",IFERROR(N7/$J$4,0)) | Q7: =IF(OR(M7="",M7=0,L7=""),"",IF(AND(M7>=$F$4,L7>=$D$4),"스타 (유지·강조)",IF(M7>=$F$4,"인기·저마진 (원가↓·가격↑ 검토)",IF(L7>=$D$4,"고마진·비인기 (홍보 강화)","저인기·저마진 (정리 검토)"))))
A8: 양꼬치·세트 | B8: 고급양갈비 | C8: 식재료 | D8: 30000 | E8: =IF(D8="","",D8/1.1) -> 27272.727 | F8: =IF(B8="","",SUMIF(레시피!$A$4:$A$603,B8,레시피!$F$4:$F$603)) -> 10584.783 | G8: =IF(B8="","",IF(C8="식재료",F8*기본설정!$C$7,0)) -> 529.23913 | H8: =IF(B8="","",F8+G8) -> 11114.022 | I8: =IF(OR(B8="",D8=""),"",IFERROR(H8/E8,0)) -> 0.40751413 | J8: =IF(B8="","",IF(C8="주류·음료",기본설정!$C$9,기본설정!$C$8)) -> 0.35 | K8: =IF(B8="","",IF(D8="","판매가 미입력",IF(F8=0,"레시피 미입력",IF(I8>J8+기본설정!$C$10,"위험",IF(I8>J8,"주의","적정"))))) -> 위험 | L8: =IF(OR(B8="",D8=""),"",E8-H8) -> 16158.706 | N8: =IF(OR(M8="",E8=""),"",E8*M8) | O8: =IF(OR(M8="",H8=""),"",H8*M8) | P8: =IF(N8="","",IFERROR(N8/$J$4,0)) | Q8: =IF(OR(M8="",M8=0,L8=""),"",IF(AND(M8>=$F$4,L8>=$D$4),"스타 (유지·강조)",IF(M8>=$F$4,"인기·저마진 (원가↓·가격↑ 검토)",IF(L8>=$D$4,"고마진·비인기 (홍보 강화)","저인기·저마진 (정리 검토)"))))
A9: 양꼬치·세트 | B9: 생양꼬치 | C9: 식재료 | D9: 17000 | E9: =IF(D9="","",D9/1.1) -> 15454.545 | F9: =IF(B9="","",SUMIF(레시피!$A$4:$A$603,B9,레시피!$F$4:$F$603)) -> 4650 | G9: =IF(B9="","",IF(C9="식재료",F9*기본설정!$C$7,0)) -> 232.5 | H9: =IF(B9="","",F9+G9) -> 4882.5 | I9: =IF(OR(B9="",D9=""),"",IFERROR(H9/E9,0)) -> 0.31592647 | J9: =IF(B9="","",IF(C9="주류·음료",기본설정!$C$9,기본설정!$C$8)) -> 0.35 | K9: =IF(B9="","",IF(D9="","판매가 미입력",IF(F9=0,"레시피 미입력",IF(I9>J9+기본설정!$C$10,"위험",IF(I9>J9,"주의","적정"))))) -> 적정 | L9: =IF(OR(B9="",D9=""),"",E9-H9) -> 10572.045 | N9: =IF(OR(M9="",E9=""),"",E9*M9) | O9: =IF(OR(M9="",H9=""),"",H9*M9) | P9: =IF(N9="","",IFERROR(N9/$J$4,0)) | Q9: =IF(OR(M9="",M9=0,L9=""),"",IF(AND(M9>=$F$4,L9>=$D$4),"스타 (유지·강조)",IF(M9>=$F$4,"인기·저마진 (원가↓·가격↑ 검토)",IF(L9>=$D$4,"고마진·비인기 (홍보 강화)","저인기·저마진 (정리 검토)"))))
A10: 양꼬치·세트 | B10: 양념양꼬치 | C10: 식재료 | D10: 18000 | E10: =IF(D10="","",D10/1.1) -> 16363.636 | F10: =IF(B10="","",SUMIF(레시피!$A$4:$A$603,B10,레시피!$F$4:$F$603)) -> 5320 | G10: =IF(B10="","",IF(C10="식재료",F10*기본설정!$C$7,0)) -> 266 | H10: =IF(B10="","",F10+G10) -> 5586 | I10: =IF(OR(B10="",D10=""),"",IFERROR(H10/E10,0)) -> 0.34136667 | J10: =IF(B10="","",IF(C10="주류·음료",기본설정!$C$9,기본설정!$C$8)) -> 0.35 | K10: =IF(B10="","",IF(D10="","판매가 미입력",IF(F10=0,"레시피 미입력",IF(I10>J10+기본설정!$C$10,"위험",IF(I10>J10,"주의","적정"))))) -> 적정 | L10: =IF(OR(B10="",D10=""),"",E10-H10) -> 10777.636 | N10: =IF(OR(M10="",E10=""),"",E10*M10) | O10: =IF(OR(M10="",H10=""),"",H10*M10) | P10: =IF(N10="","",IFERROR(N10/$J$4,0)) | Q10: =IF(OR(M10="",M10=0,L10=""),"",IF(AND(M10>=$F$4,L10>=$D$4),"스타 (유지·강조)",IF(M10>=$F$4,"인기·저마진 (원가↓·가격↑ 검토)",IF(L10>=$D$4,"고마진·비인기 (홍보 강화)","저인기·저마진 (정리 검토)"))))
A11: 양꼬치·세트 | B11: 양갈비살꼬치 | C11: 식재료 | D11: 18000 | E11: =IF(D11="","",D11/1.1) -> 16363.636 | F11: =IF(B11="","",SUMIF(레시피!$A$4:$A$603,B11,레시피!$F$4:$F$603)) -> 6350 | G11: =IF(B11="","",IF(C11="식재료",F11*기본설정!$C$7,0)) -> 317.5 | H11: =IF(B11="","",F11+G11) -> 6667.5 | I11: =IF(OR(B11="",D11=""),"",IFERROR(H11/E11,0)) -> 0.40745833 | J11: =IF(B11="","",IF(C11="주류·음료",기본설정!$C$9,기본설정!$C$8)) -> 0.35 | K11: =IF(B11="","",IF(D11="","판매가 미입력",IF(F11=0,"레시피 미입력",IF(I11>J11+기본설정!$C$10,"위험",IF(I11>J11,"주의","적정"))))) -> 위험 | L11: =IF(OR(B11="",D11=""),"",E11-H11) -> 9696.1364 | N11: =IF(OR(M11="",E11=""),"",E11*M11) | O11: =IF(OR(M11="",H11=""),"",H11*M11) | P11: =IF(N11="","",IFERROR(N11/$J$4,0)) | Q11: =IF(OR(M11="",M11=0,L11=""),"",IF(AND(M11>=$F$4,L11>=$D$4),"스타 (유지·강조)",IF(M11>=$F$4,"인기·저마진 (원가↓·가격↑ 검토)",IF(L11>=$D$4,"고마진·비인기 (홍보 강화)","저인기·저마진 (정리 검토)"))))
A12: 양꼬치·세트 | B12: 새우꼬치 | C12: 식재료 | D12: 18000 | E12: =IF(D12="","",D12/1.1) -> 16363.636 | F12: =IF(B12="","",SUMIF(레시피!$A$4:$A$603,B12,레시피!$F$4:$F$603)) -> 7000 | G12: =IF(B12="","",IF(C12="식재료",F12*기본설정!$C$7,0)) -> 350 | H12: =IF(B12="","",F12+G12) -> 7350 | I12: =IF(OR(B12="",D12=""),"",IFERROR(H12/E12,0)) -> 0.44916667 | J12: =IF(B12="","",IF(C12="주류·음료",기본설정!$C$9,기본설정!$C$8)) -> 0.35 | K12: =IF(B12="","",IF(D12="","판매가 미입력",IF(F12=0,"레시피 미입력",IF(I12>J12+기본설정!$C$10,"위험",IF(I12>J12,"주의","적정"))))) -> 위험 | L12: =IF(OR(B12="",D12=""),"",E12-H12) -> 9013.6364 | N12: =IF(OR(M12="",E12=""),"",E12*M12) | O12: =IF(OR(M12="",H12=""),"",H12*M12) | P12: =IF(N12="","",IFERROR(N12/$J$4,0)) | Q12: =IF(OR(M12="",M12=0,L12=""),"",IF(AND(M12>=$F$4,L12>=$D$4),"스타 (유지·강조)",IF(M12>=$F$4,"인기·저마진 (원가↓·가격↑ 검토)",IF(L12>=$D$4,"고마진·비인기 (홍보 강화)","저인기·저마진 (정리 검토)"))))
A13: 중국요리·탕 | B13: 꿔바로우 | C13: 식재료 | D13: 20000 | E13: =IF(D13="","",D13/1.1) -> 18181.818 | F13: =IF(B13="","",SUMIF(레시피!$A$4:$A$603,B13,레시피!$F$4:$F$603)) -> 4117.2222 | G13: =IF(B13="","",IF(C13="식재료",F13*기본설정!$C$7,0)) -> 205.86111 | H13: =IF(B13="","",F13+G13) -> 4323.0833 | I13: =IF(OR(B13="",D13=""),"",IFERROR(H13/E13,0)) -> 0.23776958 | J13: =IF(B13="","",IF(C13="주류·음료",기본설정!$C$9,기본설정!$C$8)) -> 0.35 | K13: =IF(B13="","",IF(D13="","판매가 미입력",IF(F13=0,"레시피 미입력",IF(I13>J13+기본설정!$C$10,"위험",IF(I13>J13,"주의","적정"))))) -> 적정 | L13: =IF(OR(B13="",D13=""),"",E13-H13) -> 13858.735 | N13: =IF(OR(M13="",E13=""),"",E13*M13) | O13: =IF(OR(M13="",H13=""),"",H13*M13) | P13: =IF(N13="","",IFERROR(N13/$J$4,0)) | Q13: =IF(OR(M13="",M13=0,L13=""),"",IF(AND(M13>=$F$4,L13>=$D$4),"스타 (유지·강조)",IF(M13>=$F$4,"인기·저마진 (원가↓·가격↑ 검토)",IF(L13>=$D$4,"고마진·비인기 (홍보 강화)","저인기·저마진 (정리 검토)"))))
A14: 중국요리·탕 | B14: 가지튀김 | C14: 식재료 | D14: 18000 | E14: =IF(D14="","",D14/1.1) -> 16363.636 | F14: =IF(B14="","",SUMIF(레시피!$A$4:$A$603,B14,레시피!$F$4:$F$603)) -> 2925 | G14: =IF(B14="","",IF(C14="식재료",F14*기본설정!$C$7,0)) -> 146.25 | H14: =IF(B14="","",F14+G14) -> 3071.25 | I14: =IF(OR(B14="",D14=""),"",IFERROR(H14/E14,0)) -> 0.1876875 | J14: =IF(B14="","",IF(C14="주류·음료",기본설정!$C$9,기본설정!$C$8)) -> 0.35 | K14: =IF(B14="","",IF(D14="","판매가 미입력",IF(F14=0,"레시피 미입력",IF(I14>J14+기본설정!$C$10,"위험",IF(I14>J14,"주의","적정"))))) -> 적정 | L14: =IF(OR(B14="",D14=""),"",E14-H14) -> 13292.386 | N14: =IF(OR(M14="",E14=""),"",E14*M14) | O14: =IF(OR(M14="",H14=""),"",H14*M14) | P14: =IF(N14="","",IFERROR(N14/$J$4,0)) | Q14: =IF(OR(M14="",M14=0,L14=""),"",IF(AND(M14>=$F$4,L14>=$D$4),"스타 (유지·강조)",IF(M14>=$F$4,"인기·저마진 (원가↓·가격↑ 검토)",IF(L14>=$D$4,"고마진·비인기 (홍보 강화)","저인기·저마진 (정리 검토)"))))
A15: 중국요리·탕 | B15: 토마토계란볶음 | C15: 식재료 | D15: 16000 | E15: =IF(D15="","",D15/1.1) -> 14545.455 | F15: =IF(B15="","",SUMIF(레시피!$A$4:$A$603,B15,레시피!$F$4:$F$603)) -> 3138.3471 | G15: =IF(B15="","",IF(C15="식재료",F15*기본설정!$C$7,0)) -> 156.91735 | H15: =IF(B15="","",F15+G15) -> 3295.2644 | I15: =IF(OR(B15="",D15=""),"",IFERROR(H15/E15,0)) -> 0.22654943 | J15: =IF(B15="","",IF(C15="주류·음료",기본설정!$C$9,기본설정!$C$8)) -> 0.35 | K15: =IF(B15="","",IF(D15="","판매가 미입력",IF(F15=0,"레시피 미입력",IF(I15>J15+기본설정!$C$10,"위험",IF(I15>J15,"주의","적정"))))) -> 적정 | L15: =IF(OR(B15="",D15=""),"",E15-H15) -> 11250.19 | N15: =IF(OR(M15="",E15=""),"",E15*M15) | O15: =IF(OR(M15="",H15=""),"",H15*M15) | P15: =IF(N15="","",IFERROR(N15/$J$4,0)) | Q15: =IF(OR(M15="",M15=0,L15=""),"",IF(AND(M15>=$F$4,L15>=$D$4),"스타 (유지·강조)",IF(M15>=$F$4,"인기·저마진 (원가↓·가격↑ 검토)",IF(L15>=$D$4,"고마진·비인기 (홍보 강화)","저인기·저마진 (정리 검토)"))))
A16: 중국요리·탕 | B16: 마파두부 | C16: 식재료 | D16: 15000 | E16: =IF(D16="","",D16/1.1) -> 13636.364 | F16: =IF(B16="","",SUMIF(레시피!$A$4:$A$603,B16,레시피!$F$4:$F$603)) -> 2824.9699 | G16: =IF(B16="","",IF(C16="식재료",F16*기본설정!$C$7,0)) -> 141.2485 | H16: =IF(B16="","",F16+G16) -> 2966.2184 | I16: =IF(OR(B16="",D16=""),"",IFERROR(H16/E16,0)) -> 0.21752268 | J16: =IF(B16="","",IF(C16="주류·음료",기본설정!$C$9,기본설정!$C$8)) -> 0.35 | K16: =IF(B16="","",IF(D16="","판매가 미입력",IF(F16=0,"레시피 미입력",IF(I16>J16+기본설정!$C$10,"위험",IF(I16>J16,"주의","적정"))))) -> 적정 | L16: =IF(OR(B16="",D16=""),"",E16-H16) -> 10670.145 | N16: =IF(OR(M16="",E16=""),"",E16*M16) | O16: =IF(OR(M16="",H16=""),"",H16*M16) | P16: =IF(N16="","",IFERROR(N16/$J$4,0)) | Q16: =IF(OR(M16="",M16=0,L16=""),"",IF(AND(M16>=$F$4,L16>=$D$4),"스타 (유지·강조)",IF(M16>=$F$4,"인기·저마진 (원가↓·가격↑ 검토)",IF(L16>=$D$4,"고마진·비인기 (홍보 강화)","저인기·저마진 (정리 검토)"))))
A17: 중국요리·탕 | B17: 향라대하 | C17: 식재료 | D17: 22000 | E17: =IF(D17="","",D17/1.1) -> 20000 | F17: =IF(B17="","",SUMIF(레시피!$A$4:$A$603,B17,레시피!$F$4:$F$603)) -> 8166.7974 | G17: =IF(B17="","",IF(C17="식재료",F17*기본설정!$C$7,0)) -> 408.33987 | H17: =IF(B17="","",F17+G17) -> 8575.1373 | I17: =IF(OR(B17="",D17=""),"",IFERROR(H17/E17,0)) -> 0.42875686 | J17: =IF(B17="","",IF(C17="주류·음료",기본설정!$C$9,기본설정!$C$8)) -> 0.35 | K17: =IF(B17="","",IF(D17="","판매가 미입력",IF(F17=0,"레시피 미입력",IF(I17>J17+기본설정!$C$10,"위험",IF(I17>J17,"주의","적정"))))) -> 위험 | L17: =IF(OR(B17="",D17=""),"",E17-H17) -> 11424.863 | N17: =IF(OR(M17="",E17=""),"",E17*M17) | O17: =IF(OR(M17="",H17=""),"",H17*M17) | P17: =IF(N17="","",IFERROR(N17/$J$4,0)) | Q17: =IF(OR(M17="",M17=0,L17=""),"",IF(AND(M17>=$F$4,L17>=$D$4),"스타 (유지·강조)",IF(M17>=$F$4,"인기·저마진 (원가↓·가격↑ 검토)",IF(L17>=$D$4,"고마진·비인기 (홍보 강화)","저인기·저마진 (정리 검토)"))))
... A49: 주류·하이볼 | B49: 연태하이볼 | C49: 주류·음료 | D49: 7000 | E49: =IF(D49="","",D49/1.1) -> 6363.6364 | F49: =IF(B49="","",SUMIF(레시피!$A$4:$A$603,B49,레시피!$F$4:$F$603)) -> 1095 | G49: =IF(B49="","",IF(C49="식재료",F49*기본설정!$C$7,0)) -> 0 | H49: =IF(B49="","",F49+G49) -> 1095 | I49: =IF(OR(B49="",D49=""),"",IFERROR(H49/E49,0)) -> 0.17207143 | J49: =IF(B49="","",IF(C49="주류·음료",기본설정!$C$9,기본설정!$C$8)) -> 0.3 | K49: =IF(B49="","",IF(D49="","판매가 미입력",IF(F49=0,"레시피 미입력",IF(I49>J49+기본설정!$C$10,"위험",IF(I49>J49,"주의","적정"))))) -> 적정 | L49: =IF(OR(B49="",D49=""),"",E49-H49) -> 5268.6364 | N49: =IF(OR(M49="",E49=""),"",E49*M49) | O49: =IF(OR(M49="",H49=""),"",H49*M49) | P49: =IF(N49="","",IFERROR(N49/$J$4,0)) | Q49: =IF(OR(M49="",M49=0,L49=""),"",IF(AND(M49>=$F$4,L49>=$D$4),"스타 (유지·강조)",IF(M49>=$F$4,"인기·저마진 (원가↓·가격↑ 검토)",IF(L49>=$D$4,"고마진·비인기 (홍보 강화)","저인기·저마진 (정리 검토)"))))
E50: =IF(D50="","",D50/1.1) | F50: =IF(B50="","",SUMIF(레시피!$A$4:$A$603,B50,레시피!$F$4:$F$603)) | G50: =IF(B50="","",IF(C50="식재료",F50*기본설정!$C$7,0)) | H50: =IF(B50="","",F50+G50) | I50: =IF(OR(B50="",D50=""),"",IFERROR(H50/E50,0)) | J50: =IF(B50="","",IF(C50="주류·음료",기본설정!$C$9,기본설정!$C$8)) | K50: =IF(B50="","",IF(D50="","판매가 미입력",IF(F50=0,"레시피 미입력",IF(I50>J50+기본설정!$C$10,"위험",IF(I50>J50,"주의","적정"))))) | L50: =IF(OR(B50="",D50=""),"",E50-H50) | N50: =IF(OR(M50="",E50=""),"",E50*M50) | O50: =IF(OR(M50="",H50=""),"",H50*M50) | P50: =IF(N50="","",IFERROR(N50/$J$4,0)) | Q50: =IF(OR(M50="",M50=0,L50=""),"",IF(AND(M50>=$F$4,L50>=$D$4),"스타 (유지·강조)",IF(M50>=$F$4,"인기·저마진 (원가↓·가격↑ 검토)",IF(L50>=$D$4,"고마진·비인기 (홍보 강화)","저인기·저마진 (정리 검토)"))))
E51: =IF(D51="","",D51/1.1) | F51: =IF(B51="","",SUMIF(레시피!$A$4:$A$603,B51,레시피!$F$4:$F$603)) | G51: =IF(B51="","",IF(C51="식재료",F51*기본설정!$C$7,0)) | H51: =IF(B51="","",F51+G51) | I51: =IF(OR(B51="",D51=""),"",IFERROR(H51/E51,0)) | J51: =IF(B51="","",IF(C51="주류·음료",기본설정!$C$9,기본설정!$C$8)) | K51: =IF(B51="","",IF(D51="","판매가 미입력",IF(F51=0,"레시피 미입력",IF(I51>J51+기본설정!$C$10,"위험",IF(I51>J51,"주의","적정"))))) | L51: =IF(OR(B51="",D51=""),"",E51-H51) | N51: =IF(OR(M51="",E51=""),"",E51*M51) | O51: =IF(OR(M51="",H51=""),"",H51*M51) | P51: =IF(N51="","",IFERROR(N51/$J$4,0)) | Q51: =IF(OR(M51="",M51=0,L51=""),"",IF(AND(M51>=$F$4,L51>=$D$4),"스타 (유지·강조)",IF(M51>=$F$4,"인기·저마진 (원가↓·가격↑ 검토)",IF(L51>=$D$4,"고마진·비인기 (홍보 강화)","저인기·저마진 (정리 검토)"))))
E52: =IF(D52="","",D52/1.1) | F52: =IF(B52="","",SUMIF(레시피!$A$4:$A$603,B52,레시피!$F$4:$F$603)) | G52: =IF(B52="","",IF(C52="식재료",F52*기본설정!$C$7,0)) | H52: =IF(B52="","",F52+G52) | I52: =IF(OR(B52="",D52=""),"",IFERROR(H52/E52,0)) | J52: =IF(B52="","",IF(C52="주류·음료",기본설정!$C$9,기본설정!$C$8)) | K52: =IF(B52="","",IF(D52="","판매가 미입력",IF(F52=0,"레시피 미입력",IF(I52>J52+기본설정!$C$10,"위험",IF(I52>J52,"주의","적정"))))) | L52: =IF(OR(B52="",D52=""),"",E52-H52) | N52: =IF(OR(M52="",E52=""),"",E52*M52) | O52: =IF(OR(M52="",H52=""),"",H52*M52) | P52: =IF(N52="","",IFERROR(N52/$J$4,0)) | Q52: =IF(OR(M52="",M52=0,L52=""),"",IF(AND(M52>=$F$4,L52>=$D$4),"스타 (유지·강조)",IF(M52>=$F$4,"인기·저마진 (원가↓·가격↑ 검토)",IF(L52>=$D$4,"고마진·비인기 (홍보 강화)","저인기·저마진 (정리 검토)"))))
E53: =IF(D53="","",D53/1.1) | F53: =IF(B53="","",SUMIF(레시피!$A$4:$A$603,B53,레시피!$F$4:$F$603)) | G53: =IF(B53="","",IF(C53="식재료",F53*기본설정!$C$7,0)) | H53: =IF(B53="","",F53+G53) | I53: =IF(OR(B53="",D53=""),"",IFERROR(H53/E53,0)) | J53: =IF(B53="","",IF(C53="주류·음료",기본설정!$C$9,기본설정!$C$8)) | K53: =IF(B53="","",IF(D53="","판매가 미입력",IF(F53=0,"레시피 미입력",IF(I53>J53+기본설정!$C$10,"위험",IF(I53>J53,"주의","적정"))))) | L53: =IF(OR(B53="",D53=""),"",E53-H53) | N53: =IF(OR(M53="",E53=""),"",E53*M53) | O53: =IF(OR(M53="",H53=""),"",H53*M53) | P53: =IF(N53="","",IFERROR(N53/$J$4,0)) | Q53: =IF(OR(M53="",M53=0,L53=""),"",IF(AND(M53>=$F$4,L53>=$D$4),"스타 (유지·강조)",IF(M53>=$F$4,"인기·저마진 (원가↓·가격↑ 검토)",IF(L53>=$D$4,"고마진·비인기 (홍보 강화)","저인기·저마진 (정리 검토)"))))
E54: =IF(D54="","",D54/1.1) | F54: =IF(B54="","",SUMIF(레시피!$A$4:$A$603,B54,레시피!$F$4:$F$603)) | G54: =IF(B54="","",IF(C54="식재료",F54*기본설정!$C$7,0)) | H54: =IF(B54="","",F54+G54) | I54: =IF(OR(B54="",D54=""),"",IFERROR(H54/E54,0)) | J54: =IF(B54="","",IF(C54="주류·음료",기본설정!$C$9,기본설정!$C$8)) | K54: =IF(B54="","",IF(D54="","판매가 미입력",IF(F54=0,"레시피 미입력",IF(I54>J54+기본설정!$C$10,"위험",IF(I54>J54,"주의","적정"))))) | L54: =IF(OR(B54="",D54=""),"",E54-H54) | N54: =IF(OR(M54="",E54=""),"",E54*M54) | O54: =IF(OR(M54="",H54=""),"",H54*M54) | P54: =IF(N54="","",IFERROR(N54/$J$4,0)) | Q54: =IF(OR(M54="",M54=0,L54=""),"",IF(AND(M54>=$F$4,L54>=$D$4),"스타 (유지·강조)",IF(M54>=$F$4,"인기·저마진 (원가↓·가격↑ 검토)",IF(L54>=$D$4,"고마진·비인기 (홍보 강화)","저인기·저마진 (정리 검토)"))))
E55: =IF(D55="","",D55/1.1) | F55: =IF(B55="","",SUMIF(레시피!$A$4:$A$603,B55,레시피!$F$4:$F$603)) | G55: =IF(B55="","",IF(C55="식재료",F55*기본설정!$C$7,0)) | H55: =IF(B55="","",F55+G55) | I55: =IF(OR(B55="",D55=""),"",IFERROR(H55/E55,0)) | J55: =IF(B55="","",IF(C55="주류·음료",기본설정!$C$9,기본설정!$C$8)) | K55: =IF(B55="","",IF(D55="","판매가 미입력",IF(F55=0,"레시피 미입력",IF(I55>J55+기본설정!$C$10,"위험",IF(I55>J55,"주의","적정"))))) | L55: =IF(OR(B55="",D55=""),"",E55-H55) | N55: =IF(OR(M55="",E55=""),"",E55*M55) | O55: =IF(OR(M55="",H55=""),"",H55*M55) | P55: =IF(N55="","",IFERROR(N55/$J$4,0)) | Q55: =IF(OR(M55="",M55=0,L55=""),"",IF(AND(M55>=$F$4,L55>=$D$4),"스타 (유지·강조)",IF(M55>=$F$4,"인기·저마진 (원가↓·가격↑ 검토)",IF(L55>=$D$4,"고마진·비인기 (홍보 강화)","저인기·저마진 (정리 검토)"))))
E56: =IF(D56="","",D56/1.1) | F56: =IF(B56="","",SUMIF(레시피!$A$4:$A$603,B56,레시피!$F$4:$F$603)) | G56: =IF(B56="","",IF(C56="식재료",F56*기본설정!$C$7,0)) | H56: =IF(B56="","",F56+G56) | I56: =IF(OR(B56="",D56=""),"",IFERROR(H56/E56,0)) | J56: =IF(B56="","",IF(C56="주류·음료",기본설정!$C$9,기본설정!$C$8)) | K56: =IF(B56="","",IF(D56="","판매가 미입력",IF(F56=0,"레시피 미입력",IF(I56>J56+기본설정!$C$10,"위험",IF(I56>J56,"주의","적정"))))) | L56: =IF(OR(B56="",D56=""),"",E56-H56) | N56: =IF(OR(M56="",E56=""),"",E56*M56) | O56: =IF(OR(M56="",H56=""),"",H56*M56) | P56: =IF(N56="","",IFERROR(N56/$J$4,0)) | Q56: =IF(OR(M56="",M56=0,L56=""),"",IF(AND(M56>=$F$4,L56>=$D$4),"스타 (유지·강조)",IF(M56>=$F$4,"인기·저마진 (원가↓·가격↑ 검토)",IF(L56>=$D$4,"고마진·비인기 (홍보 강화)","저인기·저마진 (정리 검토)"))))
E57: =IF(D57="","",D57/1.1) | F57: =IF(B57="","",SUMIF(레시피!$A$4:$A$603,B57,레시피!$F$4:$F$603)) | G57: =IF(B57="","",IF(C57="식재료",F57*기본설정!$C$7,0)) | H57: =IF(B57="","",F57+G57) | I57: =IF(OR(B57="",D57=""),"",IFERROR(H57/E57,0)) | J57: =IF(B57="","",IF(C57="주류·음료",기본설정!$C$9,기본설정!$C$8)) | K57: =IF(B57="","",IF(D57="","판매가 미입력",IF(F57=0,"레시피 미입력",IF(I57>J57+기본설정!$C$10,"위험",IF(I57>J57,"주의","적정"))))) | L57: =IF(OR(B57="",D57=""),"",E57-H57) | N57: =IF(OR(M57="",E57=""),"",E57*M57) | O57: =IF(OR(M57="",H57=""),"",H57*M57) | P57: =IF(N57="","",IFERROR(N57/$J$4,0)) | Q57: =IF(OR(M57="",M57=0,L57=""),"",IF(AND(M57>=$F$4,L57>=$D$4),"스타 (유지·강조)",IF(M57>=$F$4,"인기·저마진 (원가↓·가격↑ 검토)",IF(L57>=$D$4,"고마진·비인기 (홍보 강화)","저인기·저마진 (정리 검토)"))))
E58: =IF(D58="","",D58/1.1) | F58: =IF(B58="","",SUMIF(레시피!$A$4:$A$603,B58,레시피!$F$4:$F$603)) | G58: =IF(B58="","",IF(C58="식재료",F58*기본설정!$C$7,0)) | H58: =IF(B58="","",F58+G58) | I58: =IF(OR(B58="",D58=""),"",IFERROR(H58/E58,0)) | J58: =IF(B58="","",IF(C58="주류·음료",기본설정!$C$9,기본설정!$C$8)) | K58: =IF(B58="","",IF(D58="","판매가 미입력",IF(F58=0,"레시피 미입력",IF(I58>J58+기본설정!$C$10,"위험",IF(I58>J58,"주의","적정"))))) | L58: =IF(OR(B58="",D58=""),"",E58-H58) | N58: =IF(OR(M58="",E58=""),"",E58*M58) | O58: =IF(OR(M58="",H58=""),"",H58*M58) | P58: =IF(N58="","",IFERROR(N58/$J$4,0)) | Q58: =IF(OR(M58="",M58=0,L58=""),"",IF(AND(M58>=$F$4,L58>=$D$4),"스타 (유지·강조)",IF(M58>=$F$4,"인기·저마진 (원가↓·가격↑ 검토)",IF(L58>=$D$4,"고마진·비인기 (홍보 강화)","저인기·저마진 (정리 검토)"))))
E59: =IF(D59="","",D59/1.1) | F59: =IF(B59="","",SUMIF(레시피!$A$4:$A$603,B59,레시피!$F$4:$F$603)) | G59: =IF(B59="","",IF(C59="식재료",F59*기본설정!$C$7,0)) | H59: =IF(B59="","",F59+G59) | I59: =IF(OR(B59="",D59=""),"",IFERROR(H59/E59,0)) | J59: =IF(B59="","",IF(C59="주류·음료",기본설정!$C$9,기본설정!$C$8)) | K59: =IF(B59="","",IF(D59="","판매가 미입력",IF(F59=0,"레시피 미입력",IF(I59>J59+기본설정!$C$10,"위험",IF(I59>J59,"주의","적정"))))) | L59: =IF(OR(B59="",D59=""),"",E59-H59) | N59: =IF(OR(M59="",E59=""),"",E59*M59) | O59: =IF(OR(M59="",H59=""),"",H59*M59) | P59: =IF(N59="","",IFERROR(N59/$J$4,0)) | Q59: =IF(OR(M59="",M59=0,L59=""),"",IF(AND(M59>=$F$4,L59>=$D$4),"스타 (유지·강조)",IF(M59>=$F$4,"인기·저마진 (원가↓·가격↑ 검토)",IF(L59>=$D$4,"고마진·비인기 (홍보 강화)","저인기·저마진 (정리 검토)"))))
E60: =IF(D60="","",D60/1.1) | F60: =IF(B60="","",SUMIF(레시피!$A$4:$A$603,B60,레시피!$F$4:$F$603)) | G60: =IF(B60="","",IF(C60="식재료",F60*기본설정!$C$7,0)) | H60: =IF(B60="","",F60+G60) | I60: =IF(OR(B60="",D60=""),"",IFERROR(H60/E60,0)) | J60: =IF(B60="","",IF(C60="주류·음료",기본설정!$C$9,기본설정!$C$8)) | K60: =IF(B60="","",IF(D60="","판매가 미입력",IF(F60=0,"레시피 미입력",IF(I60>J60+기본설정!$C$10,"위험",IF(I60>J60,"주의","적정"))))) | L60: =IF(OR(B60="",D60=""),"",E60-H60) | N60: =IF(OR(M60="",E60=""),"",E60*M60) | O60: =IF(OR(M60="",H60=""),"",H60*M60) | P60: =IF(N60="","",IFERROR(N60/$J$4,0)) | Q60: =IF(OR(M60="",M60=0,L60=""),"",IF(AND(M60>=$F$4,L60>=$D$4),"스타 (유지·강조)",IF(M60>=$F$4,"인기·저마진 (원가↓·가격↑ 검토)",IF(L60>=$D$4,"고마진·비인기 (홍보 강화)","저인기·저마진 (정리 검토)"))))
E61: =IF(D61="","",D61/1.1) | F61: =IF(B61="","",SUMIF(레시피!$A$4:$A$603,B61,레시피!$F$4:$F$603)) | G61: =IF(B61="","",IF(C61="식재료",F61*기본설정!$C$7,0)) | H61: =IF(B61="","",F61+G61) | I61: =IF(OR(B61="",D61=""),"",IFERROR(H61/E61,0)) | J61: =IF(B61="","",IF(C61="주류·음료",기본설정!$C$9,기본설정!$C$8)) | K61: =IF(B61="","",IF(D61="","판매가 미입력",IF(F61=0,"레시피 미입력",IF(I61>J61+기본설정!$C$10,"위험",IF(I61>J61,"주의","적정"))))) | L61: =IF(OR(B61="",D61=""),"",E61-H61) | N61: =IF(OR(M61="",E61=""),"",E61*M61) | O61: =IF(OR(M61="",H61=""),"",H61*M61) | P61: =IF(N61="","",IFERROR(N61/$J$4,0)) | Q61: =IF(OR(M61="",M61=0,L61=""),"",IF(AND(M61>=$F$4,L61>=$D$4),"스타 (유지·강조)",IF(M61>=$F$4,"인기·저마진 (원가↓·가격↑ 검토)",IF(L61>=$D$4,"고마진·비인기 (홍보 강화)","저인기·저마진 (정리 검토)"))))
... E65: =IF(D65="","",D65/1.1) | F65: =IF(B65="","",SUMIF(레시피!$A$4:$A$603,B65,레시피!$F$4:$F$603)) | G65: =IF(B65="","",IF(C65="식재료",F65*기본설정!$C$7,0)) | H65: =IF(B65="","",F65+G65) | I65: =IF(OR(B65="",D65=""),"",IFERROR(H65/E65,0)) | J65: =IF(B65="","",IF(C65="주류·음료",기본설정!$C$9,기본설정!$C$8)) | K65: =IF(B65="","",IF(D65="","판매가 미입력",IF(F65=0,"레시피 미입력",IF(I65>J65+기본설정!$C$10,"위험",IF(I65>J65,"주의","적정"))))) | L65: =IF(OR(B65="",D65=""),"",E65-H65) | N65: =IF(OR(M65="",E65=""),"",E65*M65) | O65: =IF(OR(M65="",H65=""),"",H65*M65) | P65: =IF(N65="","",IFERROR(N65/$J$4,0)) | Q65: =IF(OR(M65="",M65=0,L65=""),"",IF(AND(M65>=$F$4,L65>=$D$4),"스타 (유지·강조)",IF(M65>=$F$4,"인기·저마진 (원가↓·가격↑ 검토)",IF(L65>=$D$4,"고마진·비인기 (홍보 강화)","저인기·저마진 (정리 검토)"))))
A67: ※ 메뉴분석: 판매수량이 '인기 기준수량' 이상이면 인기, 공헌이익이 '가중평균 공헌이익' 이상이면 고마진 (메뉴 엔지니어링 기법). 음식·주류를 함께 비교하므로 참고용으로 보세요.

Sheet 매출일보
A1: 매출일보
A2: 매일 POS 마감 후 지점별 1줄. 금액은 VAT 포함 실매출(할인 후). [주류·음료 매출]은 POS 분류별 매출에서 확인하세요.
A3: 날짜 | B3: 지점 | C3: 카드 | D3: 현금 | E3: 계좌이체 ·기타 | F3: 배달앱 | G3: 총매출 (VAT포함) | H3: 그중 주류· 음료 매출 | I3: 음식 매출 | J3: 객수 | K3: 테이블수 | L3: 객단가 | M3: 비고
A4: 46296 | B4: 판교점 | C4: 1850000 | D4: 120000 | E4: 80000 | F4: 250000 | G4: =IF(COUNT(C4:F4)=0,"",SUM(C4:F4)) -> 2300000 | H4: 520000 | I4: =IF(G4="","",G4-N(H4)) -> 1780000 | J4: 62 | K4: 19 | L4: =IF(OR(G4="",J4="",J4=0),"",G4/J4) -> 37096.774 | M4: 예시(삭제)
G5: =IF(COUNT(C5:F5)=0,"",SUM(C5:F5)) | I5: =IF(G5="","",G5-N(H5)) | L5: =IF(OR(G5="",J5="",J5=0),"",G5/J5)
G6: =IF(COUNT(C6:F6)=0,"",SUM(C6:F6)) | I6: =IF(G6="","",G6-N(H6)) | L6: =IF(OR(G6="",J6="",J6=0),"",G6/J6)
G7: =IF(COUNT(C7:F7)=0,"",SUM(C7:F7)) | I7: =IF(G7="","",G7-N(H7)) | L7: =IF(OR(G7="",J7="",J7=0),"",G7/J7)
G8: =IF(COUNT(C8:F8)=0,"",SUM(C8:F8)) | I8: =IF(G8="","",G8-N(H8)) | L8: =IF(OR(G8="",J8="",J8=0),"",G8/J8)
G9: =IF(COUNT(C9:F9)=0,"",SUM(C9:F9)) | I9: =IF(G9="","",G9-N(H9)) | L9: =IF(OR(G9="",J9="",J9=0),"",G9/J9)
G10: =IF(COUNT(C10:F10)=0,"",SUM(C10:F10)) | I10: =IF(G10="","",G10-N(H10)) | L10: =IF(OR(G10="",J10="",J10=0),"",G10/J10)
G11: =IF(COUNT(C11:F11)=0,"",SUM(C11:F11)) | I11: =IF(G11="","",G11-N(H11)) | L11: =IF(OR(G11="",J11="",J11=0),"",G11/J11)
G12: =IF(COUNT(C12:F12)=0,"",SUM(C12:F12)) | I12: =IF(G12="","",G12-N(H12)) | L12: =IF(OR(G12="",J12="",J12=0),"",G12/J12)
G13: =IF(COUNT(C13:F13)=0,"",SUM(C13:F13)) | I13: =IF(G13="","",G13-N(H13)) | L13: =IF(OR(G13="",J13="",J13=0),"",G13/J13)
G14: =IF(COUNT(C14:F14)=0,"",SUM(C14:F14)) | I14: =IF(G14="","",G14-N(H14)) | L14: =IF(OR(G14="",J14="",J14=0),"",G14/J14)
G15: =IF(COUNT(C15:F15)=0,"",SUM(C15:F15)) | I15: =IF(G15="","",G15-N(H15)) | L15: =IF(OR(G15="",J15="",J15=0),"",G15/J15)
G16: =IF(COUNT(C16:F16)=0,"",SUM(C16:F16)) | I16: =IF(G16="","",G16-N(H16)) | L16: =IF(OR(G16="",J16="",J16=0),"",G16/J16)
... G403: =IF(COUNT(C403:F403)=0,"",SUM(C403:F403)) | I403: =IF(G403="","",G403-N(H403)) | L403: =IF(OR(G403="",J403="",J403=0),"",G403/J403)

Sheet 매입장
A1: 매입장 (식자재·주류·소모품 매입)
A2: 거래명세서·영수증 1품목당 1줄. 품목을 고르면 분류·단위·과세구분이 자동 입력(직접 수정 가능). 목록에 없는 품목은 직접 입력하고 분류를 꼭 고르세요. 수량·단가 없이 금액만 있으면 [공급가액]에 직접 입력해도 됩니다.
A3: 날짜 | B3: 지점 | C3: 거래처 | D3: 품목명 | E3: 분류 | F3: 수량 | G3: 단위 | H3: 단가 (공급가) | I3: 공급가액 | J3: 과세 구분 | K3: 부가세 | L3: 합계 (결제액) | M3: 결제방법 | N3: 증빙 | O3: 비고 | P3: 원가그룹 (자동)
A4: 46296 | B4: 판교점 | C4: 양고기 거래처 | D4: 양다리(뼈포함·냉동) | E4: =IF(D4="","",IFERROR(INDEX(식자재단가!$B$4:$B$203,MATCH(D4,식자재단가!$C$4:$C$203,0)),"")) -> 양고기 | F4: 20 | G4: =IF(D4="","",IFERROR(INDEX(식자재단가!$F$4:$F$203,MATCH(D4,식자재단가!$C$4:$C$203,0)),"")) -> kg | H4: 14000 | I4: =IF(OR(F4="",H4=""),"",F4*H4) -> 280000 | J4: =IF(D4="","",IFERROR(INDEX(식자재단가!$M$4:$M$203,MATCH(D4,식자재단가!$C$4:$C$203,0)),"과세")) -> 면세 | K4: =IF(I4="","",IF(J4="과세",ROUND(I4*0.1,0),0)) -> 0 | L4: =IF(I4="","",I4+K4) -> 280000 | M4: 카드 | N4: 계산서(면세) | O4: 예시(삭제) | P4: =IF(E4="","",IFERROR(INDEX(기본설정!$H$4:$H$14,MATCH(E4,기본설정!$G$4:$G$14,0)),"")) -> 식재료
A5: 46296 | B5: 판교점 | C5: 양꼬치 거래처 | D5: 생양꼬치(완제품) | E5: =IF(D5="","",IFERROR(INDEX(식자재단가!$B$4:$B$203,MATCH(D5,식자재단가!$C$4:$C$203,0)),"")) -> 양고기 | F5: 3 | G5: =IF(D5="","",IFERROR(INDEX(식자재단가!$F$4:$F$203,MATCH(D5,식자재단가!$C$4:$C$203,0)),"")) -> 박스 | H5: 45000 | I5: =IF(OR(F5="",H5=""),"",F5*H5) -> 135000 | J5: =IF(D5="","",IFERROR(INDEX(식자재단가!$M$4:$M$203,MATCH(D5,식자재단가!$C$4:$C$203,0)),"과세")) -> 면세 | K5: =IF(I5="","",IF(J5="과세",ROUND(I5*0.1,0),0)) -> 0 | L5: =IF(I5="","",I5+K5) -> 135000 | M5: 계좌이체 | N5: 계산서(면세) | O5: 예시(삭제) | P5: =IF(E5="","",IFERROR(INDEX(기본설정!$H$4:$H$14,MATCH(E5,기본설정!$G$4:$G$14,0)),"")) -> 식재료
A6: 46297 | B6: 판교점 | C6: 주류 도매상 | D6: 연태구냥 500ml | E6: =IF(D6="","",IFERROR(INDEX(식자재단가!$B$4:$B$203,MATCH(D6,식자재단가!$C$4:$C$203,0)),"")) -> 주류 | F6: 24 | G6: =IF(D6="","",IFERROR(INDEX(식자재단가!$F$4:$F$203,MATCH(D6,식자재단가!$C$4:$C$203,0)),"")) -> 병 | H6: 12000 | I6: =IF(OR(F6="",H6=""),"",F6*H6) -> 288000 | J6: =IF(D6="","",IFERROR(INDEX(식자재단가!$M$4:$M$203,MATCH(D6,식자재단가!$C$4:$C$203,0)),"과세")) -> 과세 | K6: =IF(I6="","",IF(J6="과세",ROUND(I6*0.1,0),0)) -> 28800 | L6: =IF(I6="","",I6+K6) -> 316800 | M6: 계좌이체 | N6: 세금계산서 | O6: 예시(삭제) | P6: =IF(E6="","",IFERROR(INDEX(기본설정!$H$4:$H$14,MATCH(E6,기본설정!$G$4:$G$14,0)),"")) -> 주류·음료
E7: =IF(D7="","",IFERROR(INDEX(식자재단가!$B$4:$B$203,MATCH(D7,식자재단가!$C$4:$C$203,0)),"")) | G7: =IF(D7="","",IFERROR(INDEX(식자재단가!$F$4:$F$203,MATCH(D7,식자재단가!$C$4:$C$203,0)),"")) | I7: =IF(OR(F7="",H7=""),"",F7*H7) | J7: =IF(D7="","",IFERROR(INDEX(식자재단가!$M$4:$M$203,MATCH(D7,식자재단가!$C$4:$C$203,0)),"과세")) | K7: =IF(I7="","",IF(J7="과세",ROUND(I7*0.1,0),0)) | L7: =IF(I7="","",I7+K7) | P7: =IF(E7="","",IFERROR(INDEX(기본설정!$H$4:$H$14,MATCH(E7,기본설정!$G$4:$G$14,0)),""))
E8: =IF(D8="","",IFERROR(INDEX(식자재단가!$B$4:$B$203,MATCH(D8,식자재단가!$C$4:$C$203,0)),"")) | G8: =IF(D8="","",IFERROR(INDEX(식자재단가!$F$4:$F$203,MATCH(D8,식자재단가!$C$4:$C$203,0)),"")) | I8: =IF(OR(F8="",H8=""),"",F8*H8) | J8: =IF(D8="","",IFERROR(INDEX(식자재단가!$M$4:$M$203,MATCH(D8,식자재단가!$C$4:$C$203,0)),"과세")) | K8: =IF(I8="","",IF(J8="과세",ROUND(I8*0.1,0),0)) | L8: =IF(I8="","",I8+K8) | P8: =IF(E8="","",IFERROR(INDEX(기본설정!$H$4:$H$14,MATCH(E8,기본설정!$G$4:$G$14,0)),""))
E9: =IF(D9="","",IFERROR(INDEX(식자재단가!$B$4:$B$203,MATCH(D9,식자재단가!$C$4:$C$203,0)),"")) | G9: =IF(D9="","",IFERROR(INDEX(식자재단가!$F$4:$F$203,MATCH(D9,식자재단가!$C$4:$C$203,0)),"")) | I9: =IF(OR(F9="",H9=""),"",F9*H9) | J9: =IF(D9="","",IFERROR(INDEX(식자재단가!$M$4:$M$203,MATCH(D9,식자재단가!$C$4:$C$203,0)),"과세")) | K9: =IF(I9="","",IF(J9="과세",ROUND(I9*0.1,0),0)) | L9: =IF(I9="","",I9+K9) | P9: =IF(E9="","",IFERROR(INDEX(기본설정!$H$4:$H$14,MATCH(E9,기본설정!$G$4:$G$14,0)),""))
E10: =IF(D10="","",IFERROR(INDEX(식자재단가!$B$4:$B$203,MATCH(D10,식자재단가!$C$4:$C$203,0)),"")) | G10: =IF(D10="","",IFERROR(INDEX(식자재단가!$F$4:$F$203,MATCH(D10,식자재단가!$C$4:$C$203,0)),"")) | I10: =IF(OR(F10="",H10=""),"",F10*H10) | J10: =IF(D10="","",IFERROR(INDEX(식자재단가!$M$4:$M$203,MATCH(D10,식자재단가!$C$4:$C$203,0)),"과세")) | K10: =IF(I10="","",IF(J10="과세",ROUND(I10*0.1,0),0)) | L10: =IF(I10="","",I10+K10) | P10: =IF(E10="","",IFERROR(INDEX(기본설정!$H$4:$H$14,MATCH(E10,기본설정!$G$4:$G$14,0)),""))
E11: =IF(D11="","",IFERROR(INDEX(식자재단가!$B$4:$B$203,MATCH(D11,식자재단가!$C$4:$C$203,0)),"")) | G11: =IF(D11="","",IFERROR(INDEX(식자재단가!$F$4:$F$203,MATCH(D11,식자재단가!$C$4:$C$203,0)),"")) | I11: =IF(OR(F11="",H11=""),"",F11*H11) | J11: =IF(D11="","",IFERROR(INDEX(식자재단가!$M$4:$M$203,MATCH(D11,식자재단가!$C$4:$C$203,0)),"과세")) | K11: =IF(I11="","",IF(J11="과세",ROUND(I11*0.1,0),0)) | L11: =IF(I11="","",I11+K11) | P11: =IF(E11="","",IFERROR(INDEX(기본설정!$H$4:$H$14,MATCH(E11,기본설정!$G$4:$G$14,0)),""))
E12: =IF(D12="","",IFERROR(INDEX(식자재단가!$B$4:$B$203,MATCH(D12,식자재단가!$C$4:$C$203,0)),"")) | G12: =IF(D12="","",IFERROR(INDEX(식자재단가!$F$4:$F$203,MATCH(D12,식자재단가!$C$4:$C$203,0)),"")) | I12: =IF(OR(F12="",H12=""),"",F12*H12) | J12: =IF(D12="","",IFERROR(INDEX(식자재단가!$M$4:$M$203,MATCH(D12,식자재단가!$C$4:$C$203,0)),"과세")) | K12: =IF(I12="","",IF(J12="과세",ROUND(I12*0.1,0),0)) | L12: =IF(I12="","",I12+K12) | P12: =IF(E12="","",IFERROR(INDEX(기본설정!$H$4:$H$14,MATCH(E12,기본설정!$G$4:$G$14,0)),""))
E13: =IF(D13="","",IFERROR(INDEX(식자재단가!$B$4:$B$203,MATCH(D13,식자재단가!$C$4:$C$203,0)),"")) | G13: =IF(D13="","",IFERROR(INDEX(식자재단가!$F$4:$F$203,MATCH(D13,식자재단가!$C$4:$C$203,0)),"")) | I13: =IF(OR(F13="",H13=""),"",F13*H13) | J13: =IF(D13="","",IFERROR(INDEX(식자재단가!$M$4:$M$203,MATCH(D13,식자재단가!$C$4:$C$203,0)),"과세")) | K13: =IF(I13="","",IF(J13="과세",ROUND(I13*0.1,0),0)) | L13: =IF(I13="","",I13+K13) | P13: =IF(E13="","",IFERROR(INDEX(기본설정!$H$4:$H$14,MATCH(E13,기본설정!$G$4:$G$14,0)),""))
E14: =IF(D14="","",IFERROR(INDEX(식자재단가!$B$4:$B$203,MATCH(D14,식자재단가!$C$4:$C$203,0)),"")) | G14: =IF(D14="","",IFERROR(INDEX(식자재단가!$F$4:$F$203,MATCH(D14,식자재단가!$C$4:$C$203,0)),"")) | I14: =IF(OR(F14="",H14=""),"",F14*H14) | J14: =IF(D14="","",IFERROR(INDEX(식자재단가!$M$4:$M$203,MATCH(D14,식자재단가!$C$4:$C$203,0)),"과세")) | K14: =IF(I14="","",IF(J14="과세",ROUND(I14*0.1,0),0)) | L14: =IF(I14="","",I14+K14) | P14: =IF(E14="","",IFERROR(INDEX(기본설정!$H$4:$H$14,MATCH(E14,기본설정!$G$4:$G$14,0)),""))
E15: =IF(D15="","",IFERROR(INDEX(식자재단가!$B$4:$B$203,MATCH(D15,식자재단가!$C$4:$C$203,0)),"")) | G15: =IF(D15="","",IFERROR(INDEX(식자재단가!$F$4:$F$203,MATCH(D15,식자재단가!$C$4:$C$203,0)),"")) | I15: =IF(OR(F15="",H15=""),"",F15*H15) | J15: =IF(D15="","",IFERROR(INDEX(식자재단가!$M$4:$M$203,MATCH(D15,식자재단가!$C$4:$C$203,0)),"과세")) | K15: =IF(I15="","",IF(J15="과세",ROUND(I15*0.1,0),0)) | L15: =IF(I15="","",I15+K15) | P15: =IF(E15="","",IFERROR(INDEX(기본설정!$H$4:$H$14,MATCH(E15,기본설정!$G$4:$G$14,0)),""))
E16: =IF(D16="","",IFERROR(INDEX(식자재단가!$B$4:$B$203,MATCH(D16,식자재단가!$C$4:$C$203,0)),"")) | G16: =IF(D16="","",IFERROR(INDEX(식자재단가!$F$4:$F$203,MATCH(D16,식자재단가!$C$4:$C$203,0)),"")) | I16: =IF(OR(F16="",H16=""),"",F16*H16) | J16: =IF(D16="","",IFERROR(INDEX(식자재단가!$M$4:$M$203,MATCH(D16,식자재단가!$C$4:$C$203,0)),"과세")) | K16: =IF(I16="","",IF(J16="과세",ROUND(I16*0.1,0),0)) | L16: =IF(I16="","",I16+K16) | P16: =IF(E16="","",IFERROR(INDEX(기본설정!$H$4:$H$14,MATCH(E16,기본설정!$G$4:$G$14,0)),""))
E17: =IF(D17="","",IFERROR(INDEX(식자재단가!$B$4:$B$203,MATCH(D17,식자재단가!$C$4:$C$203,0)),"")) | G17: =IF(D17="","",IFERROR(INDEX(식자재단가!$F$4:$F$203,MATCH(D17,식자재단가!$C$4:$C$203,0)),"")) | I17: =IF(OR(F17="",H17=""),"",F17*H17) | J17: =IF(D17="","",IFERROR(INDEX(식자재단가!$M$4:$M$203,MATCH(D17,식자재단가!$C$4:$C$203,0)),"과세")) | K17: =IF(I17="","",IF(J17="과세",ROUND(I17*0.1,0),0)) | L17: =IF(I17="","",I17+K17) | P17: =IF(E17="","",IFERROR(INDEX(기본설정!$H$4:$H$14,MATCH(E17,기본설정!$G$4:$G$14,0)),""))
E18: =IF(D18="","",IFERROR(INDEX(식자재단가!$B$4:$B$203,MATCH(D18,식자재단가!$C$4:$C$203,0)),"")) | G18: =IF(D18="","",IFERROR(INDEX(식자재단가!$F$4:$F$203,MATCH(D18,식자재단가!$C$4:$C$203,0)),"")) | I18: =IF(OR(F18="",H18=""),"",F18*H18) | J18: =IF(D18="","",IFERROR(INDEX(식자재단가!$M$4:$M$203,MATCH(D18,식자재단가!$C$4:$C$203,0)),"과세")) | K18: =IF(I18="","",IF(J18="과세",ROUND(I18*0.1,0),0)) | L18: =IF(I18="","",I18+K18) | P18: =IF(E18="","",IFERROR(INDEX(기본설정!$H$4:$H$14,MATCH(E18,기본설정!$G$4:$G$14,0)),""))
... E1503: =IF(D1503="","",IFERROR(INDEX(식자재단가!$B$4:$B$203,MATCH(D1503,식자재단가!$C$4:$C$203,0)),"")) | G1503: =IF(D1503="","",IFERROR(INDEX(식자재단가!$F$4:$F$203,MATCH(D1503,식자재단가!$C$4:$C$203,0)),"")) | I1503: =IF(OR(F1503="",H1503=""),"",F1503*H1503) | J1503: =IF(D1503="","",IFERROR(INDEX(식자재단가!$M$4:$M$203,MATCH(D1503,식자재단가!$C$4:$C$203,0)),"과세")) | K1503: =IF(I1503="","",IF(J1503="과세",ROUND(I1503*0.1,0),0)) | L1503: =IF(I1503="","",I1503+K1503) | P1503: =IF(E1503="","",IFERROR(INDEX(기본설정!$H$4:$H$14,MATCH(E1503,기본설정!$G$4:$G$14,0)),""))

Sheet 재고실사
A1: 월말 재고실사
A2: 매월 말일 영업 종료 후 남은 수량을 해당 월 칸에 입력(구매단위 기준, 소수 가능: 양다리 3.5kg, 양꼬치 0.4박스). [전년말 재고]는 1월 기초재고입니다. 단가는 식자재단가에서 자동으로 불러옵니다.
A3: 지점 | B3: 분류(자동) | C3: 품목명 | D3: 구매 단위 | E3: 단가 (공급가) | F3: 전년말 재고 | G3: 1월말 | H3: 2월말 | I3: 3월말 | J3: 4월말 | K3: 5월말 | L3: 6월말 | M3: 7월말 | N3: 8월말 | O3: 9월말 | P3: 10월말 | Q3: 11월말 | R3: 12월말 | S3: 조회월 기말수량 | T3: 조회월 기말금액 | U3: 조회월 기초수량 | V3: 조회월 기초금액 | W3: 원가그룹 (자동)
A4: =기본설정!$E$5 -> 판교점 | B4: =IF(C4="","",IFERROR(INDEX(식자재단가!$B$4:$B$203,MATCH(C4,식자재단가!$C$4:$C$203,0)),"")) -> 양고기 | C4: 양다리(뼈포함·냉동) | D4: =IF(C4="","",IFERROR(INDEX(식자재단가!$F$4:$F$203,MATCH(C4,식자재단가!$C$4:$C$203,0)),"")) -> kg | E4: =IF(C4="",0,IFERROR(INDEX(식자재단가!$G$4:$G$203,MATCH(C4,식자재단가!$C$4:$C$203,0)),0)) -> 14000 | S4: =N(INDEX(F4:R4,1,기본설정!$C$5+1)) -> 0 | T4: =S4*E4 -> 0 | U4: =N(INDEX(F4:R4,1,기본설정!$C$5)) -> 0 | V4: =U4*E4 -> 0 | W4: =IF(B4="","",IFERROR(INDEX(기본설정!$H$4:$H$14,MATCH(B4,기본설정!$G$4:$G$14,0)),"")) -> 식재료
A5: =기본설정!$E$5 -> 판교점 | B5: =IF(C5="","",IFERROR(INDEX(식자재단가!$B$4:$B$203,MATCH(C5,식자재단가!$C$4:$C$203,0)),"")) -> 양고기 | C5: 양갈비 프렌치랙(냉동) | D5: =IF(C5="","",IFERROR(INDEX(식자재단가!$F$4:$F$203,MATCH(C5,식자재단가!$C$4:$C$203,0)),"")) -> kg | E5: =IF(C5="",0,IFERROR(INDEX(식자재단가!$G$4:$G$203,MATCH(C5,식자재단가!$C$4:$C$203,0)),0)) -> 32000 | S5: =N(INDEX(F5:R5,1,기본설정!$C$5+1)) -> 0 | T5: =S5*E5 -> 0 | U5: =N(INDEX(F5:R5,1,기본설정!$C$5)) -> 0 | V5: =U5*E5 -> 0 | W5: =IF(B5="","",IFERROR(INDEX(기본설정!$H$4:$H$14,MATCH(B5,기본설정!$G$4:$G$14,0)),"")) -> 식재료
A6: =기본설정!$E$5 -> 판교점 | B6: =IF(C6="","",IFERROR(INDEX(식자재단가!$B$4:$B$203,MATCH(C6,식자재단가!$C$4:$C$203,0)),"")) -> 양고기 | C6: 생양꼬치(완제품) | D6: =IF(C6="","",IFERROR(INDEX(식자재단가!$F$4:$F$203,MATCH(C6,식자재단가!$C$4:$C$203,0)),"")) -> 박스 | E6: =IF(C6="",0,IFERROR(INDEX(식자재단가!$G$4:$G$203,MATCH(C6,식자재단가!$C$4:$C$203,0)),0)) -> 45000 | S6: =N(INDEX(F6:R6,1,기본설정!$C$5+1)) -> 0 | T6: =S6*E6 -> 0 | U6: =N(INDEX(F6:R6,1,기본설정!$C$5)) -> 0 | V6: =U6*E6 -> 0 | W6: =IF(B6="","",IFERROR(INDEX(기본설정!$H$4:$H$14,MATCH(B6,기본설정!$G$4:$G$14,0)),"")) -> 식재료
A7: =기본설정!$E$5 -> 판교점 | B7: =IF(C7="","",IFERROR(INDEX(식자재단가!$B$4:$B$203,MATCH(C7,식자재단가!$C$4:$C$203,0)),"")) -> 양고기 | C7: 양념양꼬치(완제품) | D7: =IF(C7="","",IFERROR(INDEX(식자재단가!$F$4:$F$203,MATCH(C7,식자재단가!$C$4:$C$203,0)),"")) -> 박스 | E7: =IF(C7="",0,IFERROR(INDEX(식자재단가!$G$4:$G$203,MATCH(C7,식자재단가!$C$4:$C$203,0)),0)) -> 52000 | S7: =N(INDEX(F7:R7,1,기본설정!$C$5+1)) -> 0 | T7: =S7*E7 -> 0 | U7: =N(INDEX(F7:R7,1,기본설정!$C$5)) -> 0 | V7: =U7*E7 -> 0 | W7: =IF(B7="","",IFERROR(INDEX(기본설정!$H$4:$H$14,MATCH(B7,기본설정!$G$4:$G$14,0)),"")) -> 식재료
A8: =기본설정!$E$5 -> 판교점 | B8: =IF(C8="","",IFERROR(INDEX(식자재단가!$B$4:$B$203,MATCH(C8,식자재단가!$C$4:$C$203,0)),"")) -> 양고기 | C8: 양갈비살꼬치(완제품) | D8: =IF(C8="","",IFERROR(INDEX(식자재단가!$F$4:$F$203,MATCH(C8,식자재단가!$C$4:$C$203,0)),"")) -> 박스 | E8: =IF(C8="",0,IFERROR(INDEX(식자재단가!$G$4:$G$203,MATCH(C8,식자재단가!$C$4:$C$203,0)),0)) -> 62000 | S8: =N(INDEX(F8:R8,1,기본설정!$C$5+1)) -> 0 | T8: =S8*E8 -> 0 | U8: =N(INDEX(F8:R8,1,기본설정!$C$5)) -> 0 | V8: =U8*E8 -> 0 | W8: =IF(B8="","",IFERROR(INDEX(기본설정!$H$4:$H$14,MATCH(B8,기본설정!$G$4:$G$14,0)),"")) -> 식재료
A9: =기본설정!$E$5 -> 판교점 | B9: =IF(C9="","",IFERROR(INDEX(식자재단가!$B$4:$B$203,MATCH(C9,식자재단가!$C$4:$C$203,0)),"")) -> 양고기 | C9: 양어깨살(볶음·탕용) | D9: =IF(C9="","",IFERROR(INDEX(식자재단가!$F$4:$F$203,MATCH(C9,식자재단가!$C$4:$C$203,0)),"")) -> kg | E9: =IF(C9="",0,IFERROR(INDEX(식자재단가!$G$4:$G$203,MATCH(C9,식자재단가!$C$4:$C$203,0)),0)) -> 18000 | S9: =N(INDEX(F9:R9,1,기본설정!$C$5+1)) -> 0 | T9: =S9*E9 -> 0 | U9: =N(INDEX(F9:R9,1,기본설정!$C$5)) -> 0 | V9: =U9*E9 -> 0 | W9: =IF(B9="","",IFERROR(INDEX(기본설정!$H$4:$H$14,MATCH(B9,기본설정!$G$4:$G$14,0)),"")) -> 식재료
A10: =기본설정!$E$5 -> 판교점 | B10: =IF(C10="","",IFERROR(INDEX(식자재단가!$B$4:$B$203,MATCH(C10,식자재단가!$C$4:$C$203,0)),"")) -> 기타육류 | C10: 돼지 등심(꿔바로우용) | D10: =IF(C10="","",IFERROR(INDEX(식자재단가!$F$4:$F$203,MATCH(C10,식자재단가!$C$4:$C$203,0)),"")) -> kg | E10: =IF(C10="",0,IFERROR(INDEX(식자재단가!$G$4:$G$203,MATCH(C10,식자재단가!$C$4:$C$203,0)),0)) -> 11000 | S10: =N(INDEX(F10:R10,1,기본설정!$C$5+1)) -> 0 | T10: =S10*E10 -> 0 | U10: =N(INDEX(F10:R10,1,기본설정!$C$5)) -> 0 | V10: =U10*E10 -> 0 | W10: =IF(B10="","",IFERROR(INDEX(기본설정!$H$4:$H$14,MATCH(B10,기본설정!$G$4:$G$14,0)),"")) -> 식재료
A11: =기본설정!$E$5 -> 판교점 | B11: =IF(C11="","",IFERROR(INDEX(식자재단가!$B$4:$B$203,MATCH(C11,식자재단가!$C$4:$C$203,0)),"")) -> 기타육류 | C11: 돼지 앞다리 채(육사용) | D11: =IF(C11="","",IFERROR(INDEX(식자재단가!$F$4:$F$203,MATCH(C11,식자재단가!$C$4:$C$203,0)),"")) -> kg | E11: =IF(C11="",0,IFERROR(INDEX(식자재단가!$G$4:$G$203,MATCH(C11,식자재단가!$C$4:$C$203,0)),0)) -> 9000 | S11: =N(INDEX(F11:R11,1,기본설정!$C$5+1)) -> 0 | T11: =S11*E11 -> 0 | U11: =N(INDEX(F11:R11,1,기본설정!$C$5)) -> 0 | V11: =U11*E11 -> 0 | W11: =IF(B11="","",IFERROR(INDEX(기본설정!$H$4:$H$14,MATCH(B11,기본설정!$G$4:$G$14,0)),"")) -> 식재료
A12: =기본설정!$E$5 -> 판교점 | B12: =IF(C12="","",IFERROR(INDEX(식자재단가!$B$4:$B$203,MATCH(C12,식자재단가!$C$4:$C$203,0)),"")) -> 수산물 | C12: 새우꼬치(완제품) | D12: =IF(C12="","",IFERROR(INDEX(식자재단가!$F$4:$F$203,MATCH(C12,식자재단가!$C$4:$C$203,0)),"")) -> 박스 | E12: =IF(C12="",0,IFERROR(INDEX(식자재단가!$G$4:$G$203,MATCH(C12,식자재단가!$C$4:$C$203,0)),0)) -> 35000 | S12: =N(INDEX(F12:R12,1,기본설정!$C$5+1)) -> 0 | T12: =S12*E12 -> 0 | U12: =N(INDEX(F12:R12,1,기본설정!$C$5)) -> 0 | V12: =U12*E12 -> 0 | W12: =IF(B12="","",IFERROR(INDEX(기본설정!$H$4:$H$14,MATCH(B12,기본설정!$G$4:$G$14,0)),"")) -> 식재료
A13: =기본설정!$E$5 -> 판교점 | B13: =IF(C13="","",IFERROR(INDEX(식자재단가!$B$4:$B$203,MATCH(C13,식자재단가!$C$4:$C$203,0)),"")) -> 수산물 | C13: 대하(냉동) | D13: =IF(C13="","",IFERROR(INDEX(식자재단가!$F$4:$F$203,MATCH(C13,식자재단가!$C$4:$C$203,0)),"")) -> kg | E13: =IF(C13="",0,IFERROR(INDEX(식자재단가!$G$4:$G$203,MATCH(C13,식자재단가!$C$4:$C$203,0)),0)) -> 24000 | S13: =N(INDEX(F13:R13,1,기본설정!$C$5+1)) -> 0 | T13: =S13*E13 -> 0 | U13: =N(INDEX(F13:R13,1,기본설정!$C$5)) -> 0 | V13: =U13*E13 -> 0 | W13: =IF(B13="","",IFERROR(INDEX(기본설정!$H$4:$H$14,MATCH(B13,기본설정!$G$4:$G$14,0)),"")) -> 식재료
A14: =기본설정!$E$5 -> 판교점 | B14: =IF(C14="","",IFERROR(INDEX(식자재단가!$B$4:$B$203,MATCH(C14,식자재단가!$C$4:$C$203,0)),"")) -> 수산물 | C14: 민물가재(냉동) | D14: =IF(C14="","",IFERROR(INDEX(식자재단가!$F$4:$F$203,MATCH(C14,식자재단가!$C$4:$C$203,0)),"")) -> kg | E14: =IF(C14="",0,IFERROR(INDEX(식자재단가!$G$4:$G$203,MATCH(C14,식자재단가!$C$4:$C$203,0)),0)) -> 18000 | S14: =N(INDEX(F14:R14,1,기본설정!$C$5+1)) -> 0 | T14: =S14*E14 -> 0 | U14: =N(INDEX(F14:R14,1,기본설정!$C$5)) -> 0 | V14: =U14*E14 -> 0 | W14: =IF(B14="","",IFERROR(INDEX(기본설정!$H$4:$H$14,MATCH(B14,기본설정!$G$4:$G$14,0)),"")) -> 식재료
A15: =기본설정!$E$5 -> 판교점 | B15: =IF(C15="","",IFERROR(INDEX(식자재단가!$B$4:$B$203,MATCH(C15,식자재단가!$C$4:$C$203,0)),"")) -> 채소·과일 | C15: 가지 | D15: =IF(C15="","",IFERROR(INDEX(식자재단가!$F$4:$F$203,MATCH(C15,식자재단가!$C$4:$C$203,0)),"")) -> kg | E15: =IF(C15="",0,IFERROR(INDEX(식자재단가!$G$4:$G$203,MATCH(C15,식자재단가!$C$4:$C$203,0)),0)) -> 4500 | S15: =N(INDEX(F15:R15,1,기본설정!$C$5+1)) -> 0 | T15: =S15*E15 -> 0 | U15: =N(INDEX(F15:R15,1,기본설정!$C$5)) -> 0 | V15: =U15*E15 -> 0 | W15: =IF(B15="","",IFERROR(INDEX(기본설정!$H$4:$H$14,MATCH(B15,기본설정!$G$4:$G$14,0)),"")) -> 식재료
... A76: =기본설정!$E$5 -> 판교점 | B76: =IF(C76="","",IFERROR(INDEX(식자재단가!$B$4:$B$203,MATCH(C76,식자재단가!$C$4:$C$203,0)),"")) -> 숯·소모품·포장 | C76: 포장용기 세트 | D76: =IF(C76="","",IFERROR(INDEX(식자재단가!$F$4:$F$203,MATCH(C76,식자재단가!$C$4:$C$203,0)),"")) -> 박스 | E76: =IF(C76="",0,IFERROR(INDEX(식자재단가!$G$4:$G$203,MATCH(C76,식자재단가!$C$4:$C$203,0)),0)) -> 25000 | S76: =N(INDEX(F76:R76,1,기본설정!$C$5+1)) -> 0 | T76: =S76*E76 -> 0 | U76: =N(INDEX(F76:R76,1,기본설정!$C$5)) -> 0 | V76: =U76*E76 -> 0 | W76: =IF(B76="","",IFERROR(INDEX(기본설정!$H$4:$H$14,MATCH(B76,기본설정!$G$4:$G$14,0)),"")) -> 소모품
A77: =기본설정!$E$6 -> 모란점 | B77: =IF(C77="","",IFERROR(INDEX(식자재단가!$B$4:$B$203,MATCH(C77,식자재단가!$C$4:$C$203,0)),"")) -> 양고기 | C77: 양다리(뼈포함·냉동) | D77: =IF(C77="","",IFERROR(INDEX(식자재단가!$F$4:$F$203,MATCH(C77,식자재단가!$C$4:$C$203,0)),"")) -> kg | E77: =IF(C77="",0,IFERROR(INDEX(식자재단가!$G$4:$G$203,MATCH(C77,식자재단가!$C$4:$C$203,0)),0)) -> 14000 | S77: =N(INDEX(F77:R77,1,기본설정!$C$5+1)) -> 0 | T77: =S77*E77 -> 0 | U77: =N(INDEX(F77:R77,1,기본설정!$C$5)) -> 0 | V77: =U77*E77 -> 0 | W77: =IF(B77="","",IFERROR(INDEX(기본설정!$H$4:$H$14,MATCH(B77,기본설정!$G$4:$G$14,0)),"")) -> 식재료
A78: =기본설정!$E$6 -> 모란점 | B78: =IF(C78="","",IFERROR(INDEX(식자재단가!$B$4:$B$203,MATCH(C78,식자재단가!$C$4:$C$203,0)),"")) -> 양고기 | C78: 양갈비 프렌치랙(냉동) | D78: =IF(C78="","",IFERROR(INDEX(식자재단가!$F$4:$F$203,MATCH(C78,식자재단가!$C$4:$C$203,0)),"")) -> kg | E78: =IF(C78="",0,IFERROR(INDEX(식자재단가!$G$4:$G$203,MATCH(C78,식자재단가!$C$4:$C$203,0)),0)) -> 32000 | S78: =N(INDEX(F78:R78,1,기본설정!$C$5+1)) -> 0 | T78: =S78*E78 -> 0 | U78: =N(INDEX(F78:R78,1,기본설정!$C$5)) -> 0 | V78: =U78*E78 -> 0 | W78: =IF(B78="","",IFERROR(INDEX(기본설정!$H$4:$H$14,MATCH(B78,기본설정!$G$4:$G$14,0)),"")) -> 식재료
A79: =기본설정!$E$6 -> 모란점 | B79: =IF(C79="","",IFERROR(INDEX(식자재단가!$B$4:$B$203,MATCH(C79,식자재단가!$C$4:$C$203,0)),"")) -> 양고기 | C79: 생양꼬치(완제품) | D79: =IF(C79="","",IFERROR(INDEX(식자재단가!$F$4:$F$203,MATCH(C79,식자재단가!$C$4:$C$203,0)),"")) -> 박스 | E79: =IF(C79="",0,IFERROR(INDEX(식자재단가!$G$4:$G$203,MATCH(C79,식자재단가!$C$4:$C$203,0)),0)) -> 45000 | S79: =N(INDEX(F79:R79,1,기본설정!$C$5+1)) -> 0 | T79: =S79*E79 -> 0 | U79: =N(INDEX(F79:R79,1,기본설정!$C$5)) -> 0 | V79: =U79*E79 -> 0 | W79: =IF(B79="","",IFERROR(INDEX(기본설정!$H$4:$H$14,MATCH(B79,기본설정!$G$4:$G$14,0)),"")) -> 식재료
A80: =기본설정!$E$6 -> 모란점 | B80: =IF(C80="","",IFERROR(INDEX(식자재단가!$B$4:$B$203,MATCH(C80,식자재단가!$C$4:$C$203,0)),"")) -> 양고기 | C80: 양념양꼬치(완제품) | D80: =IF(C80="","",IFERROR(INDEX(식자재단가!$F$4:$F$203,MATCH(C80,식자재단가!$C$4:$C$203,0)),"")) -> 박스 | E80: =IF(C80="",0,IFERROR(INDEX(식자재단가!$G$4:$G$203,MATCH(C80,식자재단가!$C$4:$C$203,0)),0)) -> 52000 | S80: =N(INDEX(F80:R80,1,기본설정!$C$5+1)) -> 0 | T80: =S80*E80 -> 0 | U80: =N(INDEX(F80:R80,1,기본설정!$C$5)) -> 0 | V80: =U80*E80 -> 0 | W80: =IF(B80="","",IFERROR(INDEX(기본설정!$H$4:$H$14,MATCH(B80,기본설정!$G$4:$G$14,0)),"")) -> 식재료
A81: =기본설정!$E$6 -> 모란점 | B81: =IF(C81="","",IFERROR(INDEX(식자재단가!$B$4:$B$203,MATCH(C81,식자재단가!$C$4:$C$203,0)),"")) -> 양고기 | C81: 양갈비살꼬치(완제품) | D81: =IF(C81="","",IFERROR(INDEX(식자재단가!$F$4:$F$203,MATCH(C81,식자재단가!$C$4:$C$203,0)),"")) -> 박스 | E81: =IF(C81="",0,IFERROR(INDEX(식자재단가!$G$4:$G$203,MATCH(C81,식자재단가!$C$4:$C$203,0)),0)) -> 62000 | S81: =N(INDEX(F81:R81,1,기본설정!$C$5+1)) -> 0 | T81: =S81*E81 -> 0 | U81: =N(INDEX(F81:R81,1,기본설정!$C$5)) -> 0 | V81: =U81*E81 -> 0 | W81: =IF(B81="","",IFERROR(INDEX(기본설정!$H$4:$H$14,MATCH(B81,기본설정!$G$4:$G$14,0)),"")) -> 식재료
A82: =기본설정!$E$6 -> 모란점 | B82: =IF(C82="","",IFERROR(INDEX(식자재단가!$B$4:$B$203,MATCH(C82,식자재단가!$C$4:$C$203,0)),"")) -> 양고기 | C82: 양어깨살(볶음·탕용) | D82: =IF(C82="","",IFERROR(INDEX(식자재단가!$F$4:$F$203,MATCH(C82,식자재단가!$C$4:$C$203,0)),"")) -> kg | E82: =IF(C82="",0,IFERROR(INDEX(식자재단가!$G$4:$G$203,MATCH(C82,식자재단가!$C$4:$C$203,0)),0)) -> 18000 | S82: =N(INDEX(F82:R82,1,기본설정!$C$5+1)) -> 0 | T82: =S82*E82 -> 0 | U82: =N(INDEX(F82:R82,1,기본설정!$C$5)) -> 0 | V82: =U82*E82 -> 0 | W82: =IF(B82="","",IFERROR(INDEX(기본설정!$H$4:$H$14,MATCH(B82,기본설정!$G$4:$G$14,0)),"")) -> 식재료
A83: =기본설정!$E$6 -> 모란점 | B83: =IF(C83="","",IFERROR(INDEX(식자재단가!$B$4:$B$203,MATCH(C83,식자재단가!$C$4:$C$203,0)),"")) -> 기타육류 | C83: 돼지 등심(꿔바로우용) | D83: =IF(C83="","",IFERROR(INDEX(식자재단가!$F$4:$F$203,MATCH(C83,식자재단가!$C$4:$C$203,0)),"")) -> kg | E83: =IF(C83="",0,IFERROR(INDEX(식자재단가!$G$4:$G$203,MATCH(C83,식자재단가!$C$4:$C$203,0)),0)) -> 11000 | S83: =N(INDEX(F83:R83,1,기본설정!$C$5+1)) -> 0 | T83: =S83*E83 -> 0 | U83: =N(INDEX(F83:R83,1,기본설정!$C$5)) -> 0 | V83: =U83*E83 -> 0 | W83: =IF(B83="","",IFERROR(INDEX(기본설정!$H$4:$H$14,MATCH(B83,기본설정!$G$4:$G$14,0)),"")) -> 식재료
A84: =기본설정!$E$6 -> 모란점 | B84: =IF(C84="","",IFERROR(INDEX(식자재단가!$B$4:$B$203,MATCH(C84,식자재단가!$C$4:$C$203,0)),"")) -> 기타육류 | C84: 돼지 앞다리 채(육사용) | D84: =IF(C84="","",IFERROR(INDEX(식자재단가!$F$4:$F$203,MATCH(C84,식자재단가!$C$4:$C$203,0)),"")) -> kg | E84: =IF(C84="",0,IFERROR(INDEX(식자재단가!$G$4:$G$203,MATCH(C84,식자재단가!$C$4:$C$203,0)),0)) -> 9000 | S84: =N(INDEX(F84:R84,1,기본설정!$C$5+1)) -> 0 | T84: =S84*E84 -> 0 | U84: =N(INDEX(F84:R84,1,기본설정!$C$5)) -> 0 | V84: =U84*E84 -> 0 | W84: =IF(B84="","",IFERROR(INDEX(기본설정!$H$4:$H$14,MATCH(B84,기본설정!$G$4:$G$14,0)),"")) -> 식재료
A85: =기본설정!$E$6 -> 모란점 | B85: =IF(C85="","",IFERROR(INDEX(식자재단가!$B$4:$B$203,MATCH(C85,식자재단가!$C$4:$C$203,0)),"")) -> 수산물 | C85: 새우꼬치(완제품) | D85: =IF(C85="","",IFERROR(INDEX(식자재단가!$F$4:$F$203,MATCH(C85,식자재단가!$C$4:$C$203,0)),"")) -> 박스 | E85: =IF(C85="",0,IFERROR(INDEX(식자재단가!$G$4:$G$203,MATCH(C85,식자재단가!$C$4:$C$203,0)),0)) -> 35000 | S85: =N(INDEX(F85:R85,1,기본설정!$C$5+1)) -> 0 | T85: =S85*E85 -> 0 | U85: =N(INDEX(F85:R85,1,기본설정!$C$5)) -> 0 | V85: =U85*E85 -> 0 | W85: =IF(B85="","",IFERROR(INDEX(기본설정!$H$4:$H$14,MATCH(B85,기본설정!$G$4:$G$14,0)),"")) -> 식재료
A86: =기본설정!$E$6 -> 모란점 | B86: =IF(C86="","",IFERROR(INDEX(식자재단가!$B$4:$B$203,MATCH(C86,식자재단가!$C$4:$C$203,0)),"")) -> 수산물 | C86: 대하(냉동) | D86: =IF(C86="","",IFERROR(INDEX(식자재단가!$F$4:$F$203,MATCH(C86,식자재단가!$C$4:$C$203,0)),"")) -> kg | E86: =IF(C86="",0,IFERROR(INDEX(식자재단가!$G$4:$G$203,MATCH(C86,식자재단가!$C$4:$C$203,0)),0)) -> 24000 | S86: =N(INDEX(F86:R86,1,기본설정!$C$5+1)) -> 0 | T86: =S86*E86 -> 0 | U86: =N(INDEX(F86:R86,1,기본설정!$C$5)) -> 0 | V86: =U86*E86 -> 0 | W86: =IF(B86="","",IFERROR(INDEX(기본설정!$H$4:$H$14,MATCH(B86,기본설정!$G$4:$G$14,0)),"")) -> 식재료
A87: =기본설정!$E$6 -> 모란점 | B87: =IF(C87="","",IFERROR(INDEX(식자재단가!$B$4:$B$203,MATCH(C87,식자재단가!$C$4:$C$203,0)),"")) -> 수산물 | C87: 민물가재(냉동) | D87: =IF(C87="","",IFERROR(INDEX(식자재단가!$F$4:$F$203,MATCH(C87,식자재단가!$C$4:$C$203,0)),"")) -> kg | E87: =IF(C87="",0,IFERROR(INDEX(식자재단가!$G$4:$G$203,MATCH(C87,식자재단가!$C$4:$C$203,0)),0)) -> 18000 | S87: =N(INDEX(F87:R87,1,기본설정!$C$5+1)) -> 0 | T87: =S87*E87 -> 0 | U87: =N(INDEX(F87:R87,1,기본설정!$C$5)) -> 0 | V87: =U87*E87 -> 0 | W87: =IF(B87="","",IFERROR(INDEX(기본설정!$H$4:$H$14,MATCH(B87,기본설정!$G$4:$G$14,0)),"")) -> 식재료
A88: =기본설정!$E$6 -> 모란점 | B88: =IF(C88="","",IFERROR(INDEX(식자재단가!$B$4:$B$203,MATCH(C88,식자재단가!$C$4:$C$203,0)),"")) -> 채소·과일 | C88: 가지 | D88: =IF(C88="","",IFERROR(INDEX(식자재단가!$F$4:$F$203,MATCH(C88,식자재단가!$C$4:$C$203,0)),"")) -> kg | E88: =IF(C88="",0,IFERROR(INDEX(식자재단가!$G$4:$G$203,MATCH(C88,식자재단가!$C$4:$C$203,0)),0)) -> 4500 | S88: =N(INDEX(F88:R88,1,기본설정!$C$5+1)) -> 0 | T88: =S88*E88 -> 0 | U88: =N(INDEX(F88:R88,1,기본설정!$C$5)) -> 0 | V88: =U88*E88 -> 0 | W88: =IF(B88="","",IFERROR(INDEX(기본설정!$H$4:$H$14,MATCH(B88,기본설정!$G$4:$G$14,0)),"")) -> 식재료
... A149: =기본설정!$E$6 -> 모란점 | B149: =IF(C149="","",IFERROR(INDEX(식자재단가!$B$4:$B$203,MATCH(C149,식자재단가!$C$4:$C$203,0)),"")) -> 숯·소모품·포장 | C149: 포장용기 세트 | D149: =IF(C149="","",IFERROR(INDEX(식자재단가!$F$4:$F$203,MATCH(C149,식자재단가!$C$4:$C$203,0)),"")) -> 박스 | E149: =IF(C149="",0,IFERROR(INDEX(식자재단가!$G$4:$G$203,MATCH(C149,식자재단가!$C$4:$C$203,0)),0)) -> 25000 | S149: =N(INDEX(F149:R149,1,기본설정!$C$5+1)) -> 0 | T149: =S149*E149 -> 0 | U149: =N(INDEX(F149:R149,1,기본설정!$C$5)) -> 0 | V149: =U149*E149 -> 0 | W149: =IF(B149="","",IFERROR(INDEX(기본설정!$H$4:$H$14,MATCH(B149,기본설정!$G$4:$G$14,0)),"")) -> 소모품
B150: =IF(C150="","",IFERROR(INDEX(식자재단가!$B$4:$B$203,MATCH(C150,식자재단가!$C$4:$C$203,0)),"")) | D150: =IF(C150="","",IFERROR(INDEX(식자재단가!$F$4:$F$203,MATCH(C150,식자재단가!$C$4:$C$203,0)),"")) | E150: =IF(C150="",0,IFERROR(INDEX(식자재단가!$G$4:$G$203,MATCH(C150,식자재단가!$C$4:$C$203,0)),0)) -> 0 | S150: =N(INDEX(F150:R150,1,기본설정!$C$5+1)) -> 0 | T150: =S150*E150 -> 0 | U150: =N(INDEX(F150:R150,1,기본설정!$C$5)) -> 0 | V150: =U150*E150 -> 0 | W150: =IF(B150="","",IFERROR(INDEX(기본설정!$H$4:$H$14,MATCH(B150,기본설정!$G$4:$G$14,0)),""))
B151: =IF(C151="","",IFERROR(INDEX(식자재단가!$B$4:$B$203,MATCH(C151,식자재단가!$C$4:$C$203,0)),"")) | D151: =IF(C151="","",IFERROR(INDEX(식자재단가!$F$4:$F$203,MATCH(C151,식자재단가!$C$4:$C$203,0)),"")) | E151: =IF(C151="",0,IFERROR(INDEX(식자재단가!$G$4:$G$203,MATCH(C151,식자재단가!$C$4:$C$203,0)),0)) -> 0 | S151: =N(INDEX(F151:R151,1,기본설정!$C$5+1)) -> 0 | T151: =S151*E151 -> 0 | U151: =N(INDEX(F151:R151,1,기본설정!$C$5)) -> 0 | V151: =U151*E151 -> 0 | W151: =IF(B151="","",IFERROR(INDEX(기본설정!$H$4:$H$14,MATCH(B151,기본설정!$G$4:$G$14,0)),""))
B152: =IF(C152="","",IFERROR(INDEX(식자재단가!$B$4:$B$203,MATCH(C152,식자재단가!$C$4:$C$203,0)),"")) | D152: =IF(C152="","",IFERROR(INDEX(식자재단가!$F$4:$F$203,MATCH(C152,식자재단가!$C$4:$C$203,0)),"")) | E152: =IF(C152="",0,IFERROR(INDEX(식자재단가!$G$4:$G$203,MATCH(C152,식자재단가!$C$4:$C$203,0)),0)) -> 0 | S152: =N(INDEX(F152:R152,1,기본설정!$C$5+1)) -> 0 | T152: =S152*E152 -> 0 | U152: =N(INDEX(F152:R152,1,기본설정!$C$5)) -> 0 | V152: =U152*E152 -> 0 | W152: =IF(B152="","",IFERROR(INDEX(기본설정!$H$4:$H$14,MATCH(B152,기본설정!$G$4:$G$14,0)),""))
B153: =IF(C153="","",IFERROR(INDEX(식자재단가!$B$4:$B$203,MATCH(C153,식자재단가!$C$4:$C$203,0)),"")) | D153: =IF(C153="","",IFERROR(INDEX(식자재단가!$F$4:$F$203,MATCH(C153,식자재단가!$C$4:$C$203,0)),"")) | E153: =IF(C153="",0,IFERROR(INDEX(식자재단가!$G$4:$G$203,MATCH(C153,식자재단가!$C$4:$C$203,0)),0)) -> 0 | S153: =N(INDEX(F153:R153,1,기본설정!$C$5+1)) -> 0 | T153: =S153*E153 -> 0 | U153: =N(INDEX(F153:R153,1,기본설정!$C$5)) -> 0 | V153: =U153*E153 -> 0 | W153: =IF(B153="","",IFERROR(INDEX(기본설정!$H$4:$H$14,MATCH(B153,기본설정!$G$4:$G$14,0)),""))
B154: =IF(C154="","",IFERROR(INDEX(식자재단가!$B$4:$B$203,MATCH(C154,식자재단가!$C$4:$C$203,0)),"")) | D154: =IF(C154="","",IFERROR(INDEX(식자재단가!$F$4:$F$203,MATCH(C154,식자재단가!$C$4:$C$203,0)),"")) | E154: =IF(C154="",0,IFERROR(INDEX(식자재단가!$G$4:$G$203,MATCH(C154,식자재단가!$C$4:$C$203,0)),0)) -> 0 | S154: =N(INDEX(F154:R154,1,기본설정!$C$5+1)) -> 0 | T154: =S154*E154 -> 0 | U154: =N(INDEX(F154:R154,1,기본설정!$C$5)) -> 0 | V154: =U154*E154 -> 0 | W154: =IF(B154="","",IFERROR(INDEX(기본설정!$H$4:$H$14,MATCH(B154,기본설정!$G$4:$G$14,0)),""))
B155: =IF(C155="","",IFERROR(INDEX(식자재단가!$B$4:$B$203,MATCH(C155,식자재단가!$C$4:$C$203,0)),"")) | D155: =IF(C155="","",IFERROR(INDEX(식자재단가!$F$4:$F$203,MATCH(C155,식자재단가!$C$4:$C$203,0)),"")) | E155: =IF(C155="",0,IFERROR(INDEX(식자재단가!$G$4:$G$203,MATCH(C155,식자재단가!$C$4:$C$203,0)),0)) -> 0 | S155: =N(INDEX(F155:R155,1,기본설정!$C$5+1)) -> 0 | T155: =S155*E155 -> 0 | U155: =N(INDEX(F155:R155,1,기본설정!$C$5)) -> 0 | V155: =U155*E155 -> 0 | W155: =IF(B155="","",IFERROR(INDEX(기본설정!$H$4:$H$14,MATCH(B155,기본설정!$G$4:$G$14,0)),""))
B156: =IF(C156="","",IFERROR(INDEX(식자재단가!$B$4:$B$203,MATCH(C156,식자재단가!$C$4:$C$203,0)),"")) | D156: =IF(C156="","",IFERROR(INDEX(식자재단가!$F$4:$F$203,MATCH(C156,식자재단가!$C$4:$C$203,0)),"")) | E156: =IF(C156="",0,IFERROR(INDEX(식자재단가!$G$4:$G$203,MATCH(C156,식자재단가!$C$4:$C$203,0)),0)) -> 0 | S156: =N(INDEX(F156:R156,1,기본설정!$C$5+1)) -> 0 | T156: =S156*E156 -> 0 | U156: =N(INDEX(F156:R156,1,기본설정!$C$5)) -> 0 | V156: =U156*E156 -> 0 | W156: =IF(B156="","",IFERROR(INDEX(기본설정!$H$4:$H$14,MATCH(B156,기본설정!$G$4:$G$14,0)),""))
B157: =IF(C157="","",IFERROR(INDEX(식자재단가!$B$4:$B$203,MATCH(C157,식자재단가!$C$4:$C$203,0)),"")) | D157: =IF(C157="","",IFERROR(INDEX(식자재단가!$F$4:$F$203,MATCH(C157,식자재단가!$C$4:$C$203,0)),"")) | E157: =IF(C157="",0,IFERROR(INDEX(식자재단가!$G$4:$G$203,MATCH(C157,식자재단가!$C$4:$C$203,0)),0)) -> 0 | S157: =N(INDEX(F157:R157,1,기본설정!$C$5+1)) -> 0 | T157: =S157*E157 -> 0 | U157: =N(INDEX(F157:R157,1,기본설정!$C$5)) -> 0 | V157: =U157*E157 -> 0 | W157: =IF(B157="","",IFERROR(INDEX(기본설정!$H$4:$H$14,MATCH(B157,기본설정!$G$4:$G$14,0)),""))
B158: =IF(C158="","",IFERROR(INDEX(식자재단가!$B$4:$B$203,MATCH(C158,식자재단가!$C$4:$C$203,0)),"")) | D158: =IF(C158="","",IFERROR(INDEX(식자재단가!$F$4:$F$203,MATCH(C158,식자재단가!$C$4:$C$203,0)),"")) | E158: =IF(C158="",0,IFERROR(INDEX(식자재단가!$G$4:$G$203,MATCH(C158,식자재단가!$C$4:$C$203,0)),0)) -> 0 | S158: =N(INDEX(F158:R158,1,기본설정!$C$5+1)) -> 0 | T158: =S158*E158 -> 0 | U158: =N(INDEX(F158:R158,1,기본설정!$C$5)) -> 0 | V158: =U158*E158 -> 0 | W158: =IF(B158="","",IFERROR(INDEX(기본설정!$H$4:$H$14,MATCH(B158,기본설정!$G$4:$G$14,0)),""))
B159: =IF(C159="","",IFERROR(INDEX(식자재단가!$B$4:$B$203,MATCH(C159,식자재단가!$C$4:$C$203,0)),"")) | D159: =IF(C159="","",IFERROR(INDEX(식자재단가!$F$4:$F$203,MATCH(C159,식자재단가!$C$4:$C$203,0)),"")) | E159: =IF(C159="",0,IFERROR(INDEX(식자재단가!$G$4:$G$203,MATCH(C159,식자재단가!$C$4:$C$203,0)),0)) -> 0 | S159: =N(INDEX(F159:R159,1,기본설정!$C$5+1)) -> 0 | T159: =S159*E159 -> 0 | U159: =N(INDEX(F159:R159,1,기본설정!$C$5)) -> 0 | V159: =U159*E159 -> 0 | W159: =IF(B159="","",IFERROR(INDEX(기본설정!$H$4:$H$14,MATCH(B159,기본설정!$G$4:$G$14,0)),""))
B160: =IF(C160="","",IFERROR(INDEX(식자재단가!$B$4:$B$203,MATCH(C160,식자재단가!$C$4:$C$203,0)),"")) | D160: =IF(C160="","",IFERROR(INDEX(식자재단가!$F$4:$F$203,MATCH(C160,식자재단가!$C$4:$C$203,0)),"")) | E160: =IF(C160="",0,IFERROR(INDEX(식자재단가!$G$4:$G$203,MATCH(C160,식자재단가!$C$4:$C$203,0)),0)) -> 0 | S160: =N(INDEX(F160:R160,1,기본설정!$C$5+1)) -> 0 | T160: =S160*E160 -> 0 | U160: =N(INDEX(F160:R160,1,기본설정!$C$5)) -> 0 | V160: =U160*E160 -> 0 | W160: =IF(B160="","",IFERROR(INDEX(기본설정!$H$4:$H$14,MATCH(B160,기본설정!$G$4:$G$14,0)),""))
B161: =IF(C161="","",IFERROR(INDEX(식자재단가!$B$4:$B$203,MATCH(C161,식자재단가!$C$4:$C$203,0)),"")) | D161: =IF(C161="","",IFERROR(INDEX(식자재단가!$F$4:$F$203,MATCH(C161,식자재단가!$C$4:$C$203,0)),"")) | E161: =IF(C161="",0,IFERROR(INDEX(식자재단가!$G$4:$G$203,MATCH(C161,식자재단가!$C$4:$C$203,0)),0)) -> 0 | S161: =N(INDEX(F161:R161,1,기본설정!$C$5+1)) -> 0 | T161: =S161*E161 -> 0 | U161: =N(INDEX(F161:R161,1,기본설정!$C$5)) -> 0 | V161: =U161*E161 -> 0 | W161: =IF(B161="","",IFERROR(INDEX(기본설정!$H$4:$H$14,MATCH(B161,기본설정!$G$4:$G$14,0)),""))
... B403: =IF(C403="","",IFERROR(INDEX(식자재단가!$B$4:$B$203,MATCH(C403,식자재단가!$C$4:$C$203,0)),"")) | D403: =IF(C403="","",IFERROR(INDEX(식자재단가!$F$4:$F$203,MATCH(C403,식자재단가!$C$4:$C$203,0)),"")) | E403: =IF(C403="",0,IFERROR(INDEX(식자재단가!$G$4:$G$203,MATCH(C403,식자재단가!$C$4:$C$203,0)),0)) -> 0 | S403: =N(INDEX(F403:R403,1,기본설정!$C$5+1)) -> 0 | T403: =S403*E403 -> 0 | U403: =N(INDEX(F403:R403,1,기본설정!$C$5)) -> 0 | V403: =U403*E403 -> 0 | W403: =IF(B403="","",IFERROR(INDEX(기본설정!$H$4:$H$14,MATCH(B403,기본설정!$G$4:$G$14,0)),""))
